CustomerID,Recency,Frequency,Monetary,Churn
12346.0,325,1,77183.6,1
12347.0,1,182,4310.0,0
12348.0,74,31,1797.24,0
12349.0,18,73,1757.55,0
12350.0,309,17,334.40000000000003,1
12352.0,35,85,2506.04,0
12353.0,203,4,89.0,1
12354.0,231,58,1079.4,1
12355.0,213,13,459.40000000000003,1
12356.0,22,59,2811.43,0
12357.0,32,131,6207.67,0
12358.0,1,19,1168.06,0
12359.0,57,245,6310.03,0
12360.0,51,129,2662.06,0
12361.0,286,10,189.9,1
12362.0,2,266,5226.2300000000005,0
12363.0,109,23,552.0,1
12364.0,7,85,1313.1,0
12365.0,290,22,641.38,1
12367.0,3,11,168.9,0
12370.0,50,166,3541.94,0
12371.0,44,63,1887.96,0
12372.0,71,52,1298.04,0
12373.0,310,14,364.6,1
12374.0,24,33,742.9300000000001,0
12375.0,10,17,457.5,0
12377.0,314,77,1628.1200000000001,1
12378.0,129,219,4008.62,1
12379.0,81,40,852.24,0
12380.0,21,104,2724.81,0
12381.0,4,87,1845.31,0
12383.0,184,99,1850.56,1
12384.0,28,27,585.27,0
12386.0,337,10,401.9,1
12388.0,15,100,2780.6600000000003,0
12390.0,79,32,549.84,0
12391.0,21,93,439.66,0
12393.0,71,64,1582.6000000000001,0
12394.0,63,27,1272.48,0
12395.0,18,156,3018.63,0
12397.0,35,126,2409.9,0
12398.0,45,85,1635.6599999999999,0
12399.0,118,59,1108.65,1
12401.0,302,5,84.3,1
12402.0,322,11,225.60000000000002,1
12403.0,49,5,427.7,0
12405.0,148,54,1710.39,1
12406.0,21,105,3415.3,0
12407.0,49,77,1708.12,0
12408.0,32,105,2888.55,0
12409.0,78,109,11072.67,0
12410.0,308,26,693.33,1
12412.0,74,61,1226.88,0
12413.0,66,38,758.1,0
12414.0,216,18,562.4100000000001,1
12415.0,23,714,124914.53,0
12417.0,2,192,3649.1,0
12418.0,112,34,668.58,1
12420.0,63,29,600.39,0
12421.0,15,45,807.04,0
12422.0,95,39,803.5600000000001,1
12423.0,0,125,1859.31,0
12424.0,162,30,1760.96,1
12425.0,77,36,777.2,0
12426.0,194,30,582.73,1
12427.0,21,31,825.8000000000001,0
12428.0,25,294,7956.46,0
12429.0,8,97,3750.4,0
12430.0,42,11,256.4,0
12431.0,35,234,6419.95,0
12432.0,42,108,5059.32,0
12433.0,0,420,13375.87,0
12434.0,84,50,806.14,0
12435.0,79,36,7829.89,0
12436.0,99,16,509.01,1
12437.0,1,199,4951.41,0
12438.0,13,98,2906.85,0
12441.0,366,11,173.55,1
12442.0,2,12,172.06,0
12444.0,20,176,5005.46,0
12445.0,21,4,133.4,0
12446.0,57,57,1002.3100000000001,0
12447.0,242,26,476.49,1
12448.0,43,22,449.45,0
12449.0,21,191,4067.29,0
12450.0,155,8,197.88,1
12451.0,10,354,9035.52,0
12452.0,16,22,430.57000000000005,0
12453.0,133,43,707.09,1
12454.0,55,15,3528.34,0
12455.0,72,90,2466.86,0
12456.0,43,125,3181.04,0
12457.0,65,62,2363.23,0
12458.0,70,38,947.4,0
12461.0,93,35,826.88,1
12462.0,18,62,1189.59,0
12463.0,52,83,1344.78,0
12464.0,9,29,1212.05,0
12465.0,16,47,742.19,0
12468.0,187,38,729.54,1
12471.0,1,459,19788.65,0
12472.0,31,339,6572.11,0
12473.0,28,167,3928.05,0
12474.0,16,422,7324.09,0
12475.0,53,36,723.38,0
12476.0,15,233,6816.42,0
12477.0,22,300,13219.74,0
12478.0,3,36,680.99,0
12479.0,10,31,527.2,0
12480.0,27,154,3281.63,0
12481.0,22,216,5579.82,0
12483.0,16,75,2484.98,0
12484.0,32,343,4527.32,0
12488.0,9,55,1298.66,0
12489.0,335,15,334.93,1
12490.0,4,245,5417.93,0
12491.0,38,26,460.40000000000003,0
12492.0,62,20,263.21000000000004,0
12493.0,165,22,433.74,1
12494.0,15,77,1246.1,0
12497.0,81,14,1043.1,0
12498.0,20,23,403.70000000000005,0
12500.0,22,61,4257.82,0
12501.0,336,149,2169.39,1
12502.0,95,147,3723.87,1
12504.0,17,9,482.04999999999995,0
12506.0,232,23,73.5,1
12507.0,133,21,1304.81,1
12508.0,25,68,397.88,0
12509.0,283,7,176.5,1
12510.0,142,33,982.5699999999999,1
12512.0,65,31,132.18,0
12513.0,112,35,612.29,1
12514.0,266,51,1017.6800000000001,1
12515.0,352,16,383.7,1
12516.0,77,26,1312.06,0
12517.0,27,279,2481.6,0
12518.0,0,124,2056.89,0
12519.0,63,17,330.84000000000003,0
12520.0,78,152,2634.26,0
12521.0,142,38,599.68,1
12522.0,38,12,192.72,0
12523.0,18,106,1789.77,0
12524.0,8,144,4485.72,0
12526.0,0,71,1316.66,0
12527.0,81,18,348.71000000000004,0
12528.0,8,92,1933.48,0
12530.0,59,66,1662.28,0
12531.0,14,17,125.22,0
12532.0,29,16,349.83000000000004,0
12534.0,130,63,1089.18,1
12535.0,91,34,716.35,1
12536.0,42,261,12601.830000000002,0
12538.0,28,21,363.95,0
12539.0,21,273,5568.35,0
12540.0,19,478,13400.24,0
12541.0,29,52,981.18,0
12544.0,35,19,372.7,0
12545.0,74,50,1000.39,0
12546.0,46,69,1161.5,0
12547.0,197,8,207.8,1
12548.0,165,5,95.19999999999999,1
12550.0,78,57,964.83,0
12551.0,357,10,168.0,1
12552.0,38,20,437.82,0
12553.0,7,191,3692.28,0
12556.0,49,119,599.56,0
12557.0,15,33,11990.960000000001,0
12558.0,7,11,269.96,0
12559.0,310,21,561.71,1
12560.0,4,105,2134.01,0
12561.0,302,16,238.85,1
12562.0,7,168,3781.7400000000002,0
12564.0,260,21,456.90000000000003,1
12565.0,288,9,145.92000000000002,1
12566.0,85,19,351.65,0
12567.0,22,446,9401.28,0
12569.0,1,188,4124.6900000000005,0
12571.0,39,34,519.61,0
12572.0,8,60,1020.4200000000001,0
12573.0,226,28,160.54000000000002,1
12574.0,315,11,218.45000000000002,1
12576.0,35,88,1315.83,0
12577.0,34,146,626.6,0
12578.0,20,114,2794.51,0
12579.0,77,29,440.42,0
12580.0,246,24,415.7,1
12581.0,39,15,197.71,0
12582.0,238,22,511.36,1
12583.0,2,247,7281.38,0
12584.0,3,96,2338.15,0
12585.0,233,87,2040.1,1
12586.0,16,11,196.94000000000003,0
12587.0,7,4,144.0,0
12588.0,38,10,214.89999999999998,0
12589.0,28,35,646.68,0
12590.0,210,68,9864.26,1
12591.0,316,26,452.84999999999997,1
12592.0,91,18,437.6,1
12593.0,108,21,418.1,1
12594.0,37,118,3338.2200000000003,0
12596.0,50,27,618.27,0
12597.0,18,206,3811.22,0
12598.0,9,132,3023.08,0
12599.0,28,62,1032.58,0
12600.0,28,64,2599.04,0
12601.0,189,28,577.0600000000001,1
12602.0,58,12,153.12,0
12603.0,21,2,739.1999999999999,0
12604.0,78,16,254.18,0
12607.0,59,101,1579.51,0
12609.0,77,60,1126.85,0
12610.0,22,106,2099.54,0
12611.0,51,65,1193.32,0
12612.0,73,19,704.04,0
12613.0,56,153,3344.38,0
12614.0,277,20,315.6,1
12615.0,1,105,2291.19,0
12616.0,94,32,713.3,1
12617.0,28,41,352.98,0
12618.0,21,11,177.31,0
12619.0,15,90,3641.24,0
12620.0,14,92,1339.41,0
12621.0,1,467,13689.67,0
12622.0,231,11,180.1,1
12623.0,275,18,305.1,1
12624.0,105,38,641.13,1
12625.0,211,86,2683.82,1
12626.0,22,294,6620.4800000000005,0
12627.0,10,230,4478.53,0
12628.0,3,41,786.46,0
12630.0,9,64,1270.88,0
12631.0,56,31,640.5,0
12633.0,58,101,2163.98,0
12635.0,89,101,1689.18,0
12637.0,66,382,6002.9,0
12638.0,32,39,671.69,0
12639.0,238,22,486.1,1
12640.0,23,53,1174.58,0
12641.0,114,10,185.9,1
12642.0,24,47,1013.26,0
12643.0,127,24,3344.64,1
12644.0,129,31,477.90999999999997,1
12645.0,33,73,1775.18,0
12646.0,4,45,1346.97,0
12647.0,21,121,3722.82,0
12648.0,154,21,318.05,1
12649.0,106,31,623.51,1
12650.0,2,20,314.44,0
12651.0,334,9,114.0,1
12652.0,330,48,919.98,1
12653.0,148,43,2209.85,1
12654.0,10,38,601.98,0
12656.0,16,126,4051.17,0
12657.0,10,47,1643.18,0
12658.0,18,36,686.05,0
12659.0,29,5,91.68,0
12660.0,10,13,245.10000000000002,0
12662.0,0,230,3849.78,0
12664.0,7,37,4881.88,0
12665.0,324,3,63.0,1
12667.0,57,33,620.13,0
12668.0,11,161,3807.15,0
12669.0,150,101,2744.0299999999997,1
12670.0,9,92,2996.05,0
12672.0,329,10,225.9,1
12673.0,4,42,610.52,0
12674.0,38,83,1970.6,0
12676.0,24,45,1331.39,0
12678.0,41,165,17628.46,0
12679.0,58,48,1113.02,0
12680.0,0,52,862.81,0
12681.0,14,638,13787.54,0
12682.0,3,524,12279.82,0
12683.0,3,344,8476.57,0
12684.0,7,105,2283.63,0
12685.0,27,157,2863.08,0
12686.0,371,7,89.14,1
12688.0,113,171,4873.81,1
12689.0,25,72,1247.6100000000001,0
12690.0,205,16,389.01,1
12691.0,27,32,1035.8,0
12693.0,126,39,855.91,1
12694.0,69,37,869.67,0
12695.0,6,27,582.1,0
12697.0,28,41,957.59,0
12700.0,7,268,4939.99,0
12701.0,79,53,797.71,0
12702.0,19,12,219.0,0
12703.0,70,21,283.55,0
12704.0,6,88,2340.84,0
12705.0,14,334,6868.29,0
12707.0,291,33,603.42,1
12708.0,29,157,2712.91,0
12709.0,14,207,9706.52,0
12710.0,96,77,1149.02,1
12712.0,28,133,4396.13,0
12713.0,0,38,848.55,0
12714.0,8,259,4708.86,0
12715.0,105,20,343.36,1
12716.0,3,69,1053.49,0
12717.0,150,55,1030.98,1
12718.0,70,19,238.25,0
12719.0,4,39,644.95,0
12720.0,2,354,5781.7300000000005,0
12721.0,31,161,2656.13,0
12722.0,84,53,997.63,0
12723.0,3,69,725.07,0
12724.0,4,53,1031.41,0
12725.0,370,24,427.8,1
12726.0,27,124,2609.1,0
12727.0,10,139,3980.7000000000003,0
12728.0,70,46,836.33,0
12729.0,113,26,453.01,1
12731.0,23,274,18895.91,0
12732.0,179,12,236.26000000000002,1
12733.0,233,22,383.95,1
12734.0,352,4,110.39999999999999,1
12735.0,314,43,779.5699999999999,1
12736.0,332,4,234.0,1
12738.0,371,11,155.35,1
12739.0,77,38,1013.04,0
12740.0,63,27,427.6,0
12743.0,133,131,540.13,1
12744.0,51,222,21279.29,0
12747.0,1,103,4196.01,0
12748.0,0,4412,33053.19,0
12749.0,3,199,4090.88,0
12750.0,128,15,275.88,1
12752.0,80,53,4366.78,0
12753.0,22,197,21429.39,0
12754.0,235,63,3010.74,1
12755.0,280,4,3811.9500000000003,1
12756.0,86,4,112.08,0
12757.0,15,364,7834.650000000001,0
12758.0,116,97,2791.59,1
12759.0,51,95,1531.44,0
12762.0,7,69,1898.52,0
12763.0,137,18,494.08,1
12764.0,316,45,1693.88,1
12766.0,3,310,6989.63,0
12769.0,238,32,1143.6,1
12770.0,210,12,1351.45,1
12772.0,59,55,892.47,0
12775.0,16,66,1386.04,0
12778.0,19,50,822.23,0
12779.0,37,149,3981.36,0
12781.0,63,25,826.74,0
12782.0,4,103,2330.92,0
12783.0,1,84,2225.91,0
12784.0,8,57,532.82,0
12785.0,363,14,311.95,1
12787.0,9,20,463.66,0
12789.0,64,4,91.85,0
12790.0,191,21,324.92,1
12791.0,373,2,192.60000000000002,1
12792.0,256,25,400.54,1
12793.0,334,24,545.48,1
12794.0,52,45,860.41,0
12795.0,18,14,430.48,0
12797.0,365,13,254.03,1
12798.0,9,8,6977.04,0
12802.0,186,25,427.58,1
12808.0,36,28,483.65000000000003,0
12809.0,177,25,489.31,1
12811.0,260,31,514.85,1
12812.0,44,15,229.64000000000001,0
12814.0,101,2,125.92,1
12815.0,147,47,1063.46,1
12816.0,95,29,572.2,1
12817.0,280,4,166.04000000000002,1
12818.0,261,14,1542.08,1
12820.0,2,59,942.34,0
12821.0,213,6,92.72,1
12822.0,70,46,948.88,0
12823.0,74,5,1759.5,0
12824.0,59,25,397.12,0
12826.0,2,91,1474.72,0
12827.0,5,25,430.15,0
12828.0,2,56,1018.71,0
12829.0,336,11,293.0,1
12830.0,37,38,6814.64,0
12831.0,261,9,215.05,1
12832.0,31,27,383.03000000000003,0
12833.0,144,24,417.38,1
12834.0,282,18,312.38,1
12836.0,58,174,2610.36,0
12837.0,172,12,134.1,1
12838.0,33,120,671.95,0
12839.0,2,314,5591.42,0
12840.0,143,113,2726.77,1
12841.0,4,414,3991.58,0
12842.0,69,34,1118.99,0
12843.0,65,103,1702.26,0
12844.0,28,52,325.96000000000004,0
12845.0,266,27,354.09000000000003,1
12847.0,21,84,843.64,0
12849.0,30,48,1010.29,0
12851.0,96,47,131.81,1
12852.0,294,17,311.55,1
12853.0,134,78,1957.1000000000001,1
12854.0,78,109,1316.25,0
12855.0,372,3,38.1,1
12856.0,7,311,2170.78,0
12857.0,210,46,1106.4,1
12863.0,51,5,521.2,0
12864.0,137,3,147.12,1
12865.0,25,95,1568.23,0
12866.0,282,26,559.12,1
12867.0,25,534,4009.34,0
12868.0,185,107,1607.0600000000002,1
12871.0,83,11,380.64,0
12872.0,326,66,599.97,1
12873.0,281,4,374.0,1
12875.0,142,2,343.2300000000001,1
12876.0,57,85,2218.02,0
12877.0,3,154,1535.77,0
12878.0,235,47,854.99,1
12879.0,44,10,573.22,0
12881.0,275,7,298.0,1
12882.0,8,13,1463.04,0
12883.0,24,42,703.47,0
12884.0,87,7,309.05,0
12885.0,62,71,1175.22,0
12886.0,67,82,1378.4,0
12888.0,213,5,354.12,1
12890.0,23,79,376.71999999999997,0
12891.0,185,3,331.0,1
12893.0,30,31,176.55,0
12895.0,41,22,372.8,0
12897.0,204,4,216.5,1
12901.0,8,116,17654.54,0
12902.0,264,10,138.68,1
12904.0,17,71,496.06,0
12906.0,11,63,2919.81,0
12908.0,175,2,750.0,1
12909.0,39,91,2178.67,0
12910.0,22,75,3075.04,0
12912.0,2,24,1662.3,0
12913.0,4,50,2483.63,0
12915.0,148,22,363.65,1
12916.0,138,103,2944.95,1
12917.0,127,2,594.0,1
12919.0,7,50,1335.19,0
12920.0,16,27,162.78,0
12921.0,8,720,16587.09,0
12922.0,160,28,405.38,1
12923.0,63,28,172.82,0
12924.0,87,30,933.7,0
12925.0,4,45,694.05,0
12928.0,34,84,2062.7,0
12929.0,311,8,117.85,1
12930.0,77,25,415.8,0
12931.0,21,82,42055.96,0
12933.0,23,106,607.53,0
12935.0,1,129,2160.7,0
12936.0,16,62,1063.9,0
12937.0,14,120,1504.27,0
12938.0,25,9,114.14,0
12939.0,63,47,11581.8,0
12940.0,54,96,899.69,0
12942.0,130,70,675.6,1
12944.0,35,30,604.51,0
12945.0,287,23,462.95,1
12947.0,143,97,1603.99,1
12948.0,15,116,2064.95,0
12949.0,30,215,4167.22,0
12950.0,1,23,1843.0,0
12951.0,8,63,1064.07,0
12952.0,5,79,1387.79,0
12953.0,9,17,329.85,0
12955.0,0,180,4757.16,0
12956.0,305,19,108.07,1
12957.0,9,238,4017.54,0
12962.0,6,16,266.39,0
12963.0,7,95,1856.63,0
12965.0,88,108,769.8100000000001,0
12966.0,9,10,160.18,0
12967.0,357,19,1660.9,1
12968.0,111,5,135.95,1
12970.0,6,129,405.47,0
12971.0,3,305,11189.91,0
12974.0,197,8,144.8,1
12976.0,211,22,738.6,1
12977.0,155,9,39.239999999999995,1
12980.0,157,20,7374.900000000001,1
12981.0,29,20,372.21999999999997,0
12982.0,242,28,390.54,1
12984.0,18,4,97.5,0
12985.0,0,76,1239.38,0
12987.0,73,28,558.7,0
12988.0,291,83,505.82,1
12989.0,2,64,6924.11,0
12990.0,30,13,409.5,0
12991.0,22,31,503.76,0
12993.0,22,27,414.76,0
12994.0,3,61,974.42,0
12995.0,84,3,211.32,0
12997.0,21,59,1226.89,0
12999.0,195,28,455.88,1
13000.0,106,31,534.85,1
13001.0,3,337,9785.970000000001,0
13002.0,317,7,120.95,1
13003.0,105,6,149.05,1
13004.0,11,404,5655.91,0
13005.0,173,26,513.7,1
13006.0,55,4,81.57,0
13008.0,322,14,229.47,1
13011.0,371,3,50.550000000000004,1
13012.0,8,88,1646.8400000000001,0
13013.0,0,219,4810.9400000000005,0
13014.0,10,109,3466.28,0
13015.0,52,175,3339.64,0
13016.0,72,47,789.89,0
13017.0,6,1,204.0,0
13018.0,15,458,7277.7,0
13021.0,3,131,2616.38,0
13023.0,63,40,689.9,0
13026.0,0,40,975.36,0
13027.0,113,26,6912.0,1
13028.0,22,45,661.3199999999999,0
13029.0,30,10,1247.5,0
13030.0,10,92,752.44,0
13032.0,51,71,1010.1800000000001,0
13033.0,356,11,190.55,1
13034.0,54,37,642.77,0
13035.0,73,27,921.88,0
13037.0,137,48,881.07,1
13038.0,79,28,908.46,0
13040.0,8,43,676.99,0
13043.0,272,13,516.42,1
13044.0,290,33,560.47,1
13045.0,98,18,305.28000000000003,1
13046.0,30,35,629.31,0
13047.0,31,172,3237.54,0
13048.0,13,135,1819.41,0
13049.0,63,14,656.6800000000001,0
13050.0,14,403,5836.86,0
13052.0,211,18,348.15000000000003,1
13055.0,77,76,1214.41,0
13058.0,24,8,271.40000000000003,0
13059.0,249,8,183.4,1
13060.0,253,15,307.53000000000003,1
13061.0,71,10,248.61,0
13062.0,190,11,346.98,1
13064.0,12,68,1105.59,0
13065.0,372,14,205.86,1
13066.0,23,48,470.8,0
13067.0,81,15,115.46000000000001,0
13068.0,9,2,344.0,0
13069.0,0,424,4431.44,0
13070.0,191,9,228.8,1
13072.0,266,7,177.15,1
13075.0,129,22,919.61,1
13077.0,0,111,728.02,0
13078.0,2,358,12627.94,0
13079.0,3,6,220.10000000000002,0
13080.0,178,6,58.08,1
13081.0,11,1024,28337.38,0
13082.0,125,73,3613.63,1
13083.0,3,18,303.75,0
13085.0,157,22,416.08,1
13089.0,2,1814,58762.08,0
13090.0,8,155,8910.82,0
13091.0,27,21,345.82,0
13092.0,70,25,477.83,0
13093.0,275,159,7832.47,1
13094.0,20,24,1927.3200000000002,0
13095.0,70,6,74.39999999999999,0
13097.0,32,421,6003.22,0
13098.0,0,572,28882.44,0
13099.0,98,1,207.36,1
13101.0,233,8,101.19,1
13102.0,0,304,6424.09,0
13103.0,39,8,243.94,0
13104.0,2,20,1098.48,0
13106.0,132,1,76.5,1
13107.0,43,58,1531.6200000000001,0
13108.0,372,10,350.06,1
13109.0,59,47,786.54,0
13110.0,30,145,1488.67,0
13113.0,0,200,12245.960000000001,0
13115.0,11,120,2294.78,0
13116.0,137,30,501.14,1
13117.0,21,76,984.91,0
13118.0,19,79,1197.81,0
13120.0,238,1,30.6,1
13121.0,268,50,283.73,1
13122.0,93,55,922.39,1
13124.0,89,222,3756.33,0
13126.0,4,140,2099.64,0
13127.0,77,15,259.17,0
13130.0,93,2,64.0,1
13131.0,22,44,1073.3,0
13132.0,261,3,77.3,1
13133.0,273,7,109.8,1
13134.0,85,98,1793.58,0
13135.0,196,1,3096.0,1
13136.0,55,127,2607.61,0
13137.0,10,687,3603.29,0
13138.0,21,63,962.39,0
13139.0,15,170,5064.9400000000005,0
13140.0,107,45,422.47,1
13141.0,84,135,2388.75,0
13142.0,18,23,307.09000000000003,0
13144.0,332,3,110.95,1
13145.0,39,6,618.52,0
13146.0,25,17,228.91,0
13147.0,9,4,712.8,0
13148.0,28,312,3683.26,0
13149.0,13,86,1676.06,0
13151.0,295,74,1257.8700000000001,1
13153.0,5,15,486.22,0
13155.0,32,85,971.76,0
13157.0,48,87,1741.22,0
13158.0,94,79,1201.06,1
13159.0,8,120,1429.35,0
13160.0,21,4,91.8,0
13161.0,312,8,112.75,1
13162.0,121,79,1688.29,1
13165.0,45,42,1021.48,0
13166.0,282,41,417.2,1
13167.0,18,65,791.33,0
13168.0,35,126,1299.59,0
13169.0,63,13,712.88,0
13170.0,26,30,108.81,0
13171.0,21,46,468.41,0
13173.0,3,43,353.65000000000003,0
13174.0,15,293,2742.82,0
13176.0,45,67,481.49,0
13177.0,64,17,282.45,0
13178.0,25,265,5725.47,0
13182.0,44,11,121.18,0
13183.0,7,94,3957.78,0
13184.0,14,179,1668.95,0
13185.0,267,1,71.4,1
13186.0,39,79,1575.89,0
13187.0,336,37,236.02,1
13188.0,10,2,114.6,0
13189.0,18,29,260.68,0
13192.0,94,63,911.94,1
13193.0,60,25,112.08,0
13194.0,135,3,60.7,1
13196.0,10,110,1797.78,0
13198.0,9,226,3401.2400000000002,0
13199.0,3,119,9817.12,0
13200.0,18,46,870.09,0
13203.0,9,57,869.46,0
13207.0,14,8,250.26000000000002,0
13208.0,58,148,1217.65,0
13209.0,29,321,5891.61,0
13210.0,93,22,353.48,1
13211.0,9,55,1095.42,0
13212.0,19,141,786.83,0
13213.0,56,90,1520.58,0
13216.0,267,5,333.74,1
13217.0,121,4,533.98,1
13218.0,126,5,62.64,1
13220.0,77,21,819.2900000000001,0
13221.0,239,66,847.41,1
13223.0,199,5,163.2,1
13224.0,59,108,2155.95,0
13225.0,2,32,6463.84,0
13226.0,272,16,108.21000000000001,1
13227.0,201,9,257.7,1
13228.0,80,2,358.0,0
13229.0,225,10,160.95,1
13230.0,3,587,2755.63,0
13232.0,12,202,1328.35,0
13233.0,73,43,605.12,0
13235.0,211,58,1031.07,1
13236.0,24,36,744.85,0
13238.0,16,31,700.73,0
13239.0,261,21,329.56,1
13240.0,95,67,663.65,1
13242.0,111,13,270.40000000000003,1
13243.0,202,57,585.12,1
13244.0,92,27,121.74000000000001,1
13245.0,50,16,430.5,0
13246.0,17,136,1961.52,0
13247.0,17,25,501.12,0
13248.0,124,26,465.68,1
13249.0,91,23,711.41,1
13253.0,156,36,1030.4,1
13255.0,8,13,399.51,0
13258.0,11,36,672.83,0
13259.0,61,81,283.18,0
13260.0,60,8,557.62,0
13261.0,268,9,944.1,1
13262.0,262,11,200.29,1
13263.0,0,1667,7436.93,0
13265.0,52,90,2092.66,0
13266.0,10,187,3834.2599999999998,0
13267.0,2,211,4521.49,0
13268.0,17,433,3174.75,0
13269.0,0,315,5343.28,0
13270.0,365,1,590.0,1
13271.0,36,87,211.49,0
13272.0,30,15,276.56,0
13273.0,112,16,138.98,1
13276.0,63,30,590.9300000000001,0
13277.0,15,8,258.4,0
13278.0,40,46,542.73,0
13279.0,77,9,137.75,0
13280.0,121,82,798.46,1
13282.0,17,37,1132.14,0
13283.0,59,7,93.66,0
13284.0,330,13,201.19,1
13285.0,22,187,2709.12,0
13291.0,155,42,361.11,1
13292.0,38,31,578.94,0
13294.0,189,54,873.74,1
13295.0,359,10,201.20000000000002,1
13296.0,136,5,87.4,1
13297.0,7,59,2089.85,0
13298.0,0,2,360.0,0
13299.0,267,5,142.5,1
13300.0,168,20,371.89,1
13301.0,103,81,618.09,1
13302.0,154,1,63.75,1
13304.0,350,21,300.42,1
13305.0,3,81,2000.86,0
13307.0,119,1,15.0,1
13308.0,22,54,1385.51,0
13309.0,6,107,1456.79,0
13310.0,27,72,1132.03,0
13311.0,3,26,598.57,0
13313.0,21,78,1555.3200000000002,0
13314.0,1,62,775.94,0
13316.0,36,86,5732.93,0
13317.0,65,124,2273.68,0
13318.0,0,20,640.76,0
13319.0,4,476,10845.550000000001,0
13320.0,77,105,1532.2,0
13321.0,71,11,567.36,0
13322.0,16,25,199.48000000000002,0
13323.0,2,21,787.85,0
13324.0,35,75,7121.95,0
13325.0,81,12,675.3,0
13327.0,38,108,3627.77,0
13328.0,315,17,1308.48,1
13329.0,31,17,789.0,0
13330.0,92,53,1140.93,1
13332.0,13,21,350.90000000000003,0
13334.0,81,265,3502.32,0
13336.0,76,51,795.12,0
13338.0,157,19,487.02,1
13339.0,200,54,860.12,1
13340.0,44,134,10736.48,0
13341.0,260,42,775.85,1
13343.0,177,19,353.43,1
13344.0,67,116,2511.69,0
13345.0,287,20,389.5,1
13347.0,69,8,341.36,0
13348.0,63,14,233.76000000000002,0
13349.0,10,16,247.32,0
13350.0,15,40,979.12,0
13351.0,65,16,373.94,0
13352.0,59,24,397.98,0
13354.0,70,51,743.53,0
13355.0,121,32,674.7,1
13356.0,79,42,768.24,0
13357.0,256,89,609.4,1
13358.0,268,29,439.03000000000003,1
13359.0,63,23,439.56,0
13362.0,8,166,3090.7400000000002,0
13363.0,17,60,992.5,0
13364.0,70,10,134.96,0
13365.0,33,128,2225.37,0
13366.0,49,1,56.16,0
13368.0,256,29,623.4,1
13369.0,365,14,308.28000000000003,1
13370.0,371,39,754.87,1
13372.0,89,23,378.64,0
13373.0,60,158,3312.25,0
13375.0,88,37,778.65,0
13376.0,98,53,1019.76,1
13379.0,25,97,572.56,0
13381.0,31,172,3639.31,0
13382.0,280,15,222.99,1
13384.0,30,152,4151.93,0
13385.0,329,35,534.57,1
13388.0,130,35,677.1,1
13389.0,10,51,797.96,0
13390.0,74,13,544.08,0
13391.0,203,1,59.8,1
13394.0,1,155,2520.02,0
13395.0,184,21,307.72,1
13396.0,28,43,1360.99,0
13397.0,72,38,1544.13,0
13398.0,191,26,457.34000000000003,1
13402.0,126,39,621.23,1
13403.0,17,3,75.0,0
13404.0,0,11,252.49,0
13405.0,73,27,572.451,0
13408.0,1,478,28117.04,0
13410.0,23,28,1003.06,0
13411.0,106,18,213.55,1
13414.0,133,24,1390.5,1
13416.0,43,19,712.5,0
13417.0,4,28,640.83,0
13418.0,11,304,6127.43,0
13419.0,63,16,221.06,0
13420.0,149,8,159.85,1
13421.0,39,102,1833.71,0
13422.0,63,127,2626.3,0
13425.0,107,78,1624.21,1
13426.0,0,157,3641.32,0
13427.0,18,29,582.6,0
13428.0,9,71,201.78,0
13429.0,10,67,1006.8,0
13430.0,18,49,679.45,0
13431.0,66,46,1269.1,0
13434.0,73,10,534.24,0
13435.0,4,101,3809.89,0
13436.0,1,12,196.89,0
13437.0,13,167,3408.06,0
13439.0,254,54,283.71,1
13441.0,91,13,296.64,1
13447.0,22,59,1129.14,0
13448.0,16,194,3534.69,0
13449.0,23,19,291.88,0
13450.0,26,71,2043.72,0
13451.0,25,433,2898.2599999999998,0
13452.0,258,2,590.0,1
13453.0,165,17,356.98,1
13455.0,24,46,1058.34,0
13456.0,17,63,1766.72,0
13458.0,6,382,9646.57,0
13460.0,28,17,183.44,0
13461.0,38,27,1445.0,0
13462.0,252,9,151.5,1
13464.0,57,41,674.68,0
13466.0,183,17,307.90000000000003,1
13467.0,10,98,1071.91,0
13468.0,1,302,5704.97,0
13470.0,98,10,165.0,1
13471.0,0,254,2501.84,0
13473.0,60,21,422.64,0
13474.0,235,62,226.84,1
13475.0,190,86,1431.78,1
13476.0,178,58,1238.47,1
13477.0,37,79,1454.58,0
13479.0,200,15,300.95,1
13481.0,45,109,1804.56,0
13482.0,231,11,184.64000000000001,1
13483.0,65,10,140.34,0
13484.0,240,8,313.8,1
13485.0,232,23,454.24,1
13486.0,77,69,1122.41,0
13487.0,57,34,575.4,0
13488.0,16,422,8968.31,0
13489.0,104,14,449.52,1
13491.0,51,86,1215.82,0
13492.0,135,50,1269.84,1
13493.0,274,8,618.63,1
13494.0,311,18,316.26000000000005,1
13495.0,7,48,2044.8700000000001,0
13496.0,10,35,653.33,0
13497.0,282,19,348.05,1
13499.0,17,42,1159.1100000000001,0
13500.0,22,65,1166.77,0
13501.0,287,52,1340.32,1
13502.0,16,18,292.0,0
13503.0,70,17,216.85,0
13504.0,63,22,295.93,0
13505.0,72,215,4393.63,0
13506.0,315,26,458.52,1
13507.0,2,162,2479.16,0
13508.0,243,12,110.97,1
13509.0,8,44,979.72,0
13510.0,0,115,1791.56,0
13512.0,260,15,251.21,1
13513.0,126,10,205.1,1
13514.0,73,4,152.20000000000002,0
13515.0,72,59,891.12,0
13516.0,20,44,1389.41,0
13517.0,59,141,2128.42,0
13518.0,85,36,627.16,0
13519.0,77,8,122.75,0
13520.0,58,93,3624.35,0
13521.0,0,418,1071.73,0
13522.0,29,5,125.80000000000001,0
13523.0,32,172,3964.88,0
13524.0,40,27,680.1800000000001,0
13525.0,14,6,628.78,0
13527.0,33,217,2242.36,0
13529.0,78,15,307.76,0
13531.0,204,22,483.8,1
13532.0,33,66,210.31,0
13533.0,182,75,269.09,1
13534.0,1,296,5870.08,0
13536.0,0,178,3444.39,0
13538.0,42,25,1280.85,0
13539.0,85,37,631.34,0
13544.0,39,78,276.06,0
13546.0,11,97,621.09,0
13548.0,95,123,678.16,1
13549.0,25,51,918.2,0
13551.0,318,4,91.80000000000001,1
13552.0,65,109,3740.07,0
13555.0,73,135,4098.88,0
13557.0,27,34,584.0600000000001,0
13558.0,5,169,594.52,0
13560.0,6,32,171.42000000000002,0
13561.0,215,14,141.85999999999999,1
13562.0,81,82,1799.3300000000002,0
13563.0,83,49,777.53,0
13564.0,143,81,1724.67,1
13565.0,18,38,240.22,0
13566.0,40,169,856.84,0
13568.0,172,43,187.05,1
13569.0,16,79,338.62,0
13570.0,242,27,239.49,1
13571.0,12,340,2088.94,0
13572.0,205,33,1384.25,1
13573.0,49,25,290.25,0
13575.0,22,46,732.07,0
13576.0,9,126,6717.34,0
13577.0,24,83,1687.6000000000001,0
13579.0,14,23,467.04,0
13581.0,308,10,118.0,1
13583.0,155,53,781.03,1
13584.0,306,24,142.4,1
13587.0,63,8,712.4,0
13588.0,15,174,2478.95,0
13589.0,14,21,379.65,0
13590.0,10,87,1981.92,0
13591.0,64,58,1117.13,0
13592.0,35,16,247.95999999999998,0
13593.0,107,127,2011.88,1
13594.0,52,26,396.97,0
13596.0,5,146,664.11,0
13598.0,46,35,160.04,0
13599.0,0,246,5149.92,0
13600.0,311,19,219.52,1
13601.0,44,99,693.32,0
13602.0,64,23,428.89,0
13603.0,25,27,164.34,0
13606.0,28,40,276.75,0
13607.0,39,97,675.51,0
13610.0,11,215,1082.33,0
13611.0,88,72,1154.4,0
13614.0,23,195,1585.46,0
13615.0,318,23,417.69,1
13617.0,39,44,544.18,0
13618.0,173,13,177.34,1
13621.0,116,19,213.85,1
13623.0,30,78,727.74,0
13626.0,252,19,257.23,1
13627.0,58,92,1638.47,0
13629.0,22,59,7792.36,0
13630.0,4,71,2031.78,0
13631.0,99,11,3070.42,1
13632.0,24,145,2118.93,0
13634.0,32,186,1547.3600000000001,0
13635.0,67,62,1071.03,0
13636.0,36,63,949.12,0
13637.0,51,99,804.3,0
13638.0,15,8,122.64,0
13639.0,73,40,1033.34,0
13642.0,215,57,312.28,1
13643.0,30,28,519.44,0
13644.0,15,146,2624.26,0
13645.0,119,5,252.1,1
13647.0,9,78,1648.1200000000001,0
13649.0,256,23,346.6,1
13650.0,16,96,1836.3400000000001,0
13651.0,34,6,94.2,0
13652.0,45,63,1095.08,0
13654.0,42,166,2707.33,0
13655.0,113,56,932.97,1
13656.0,164,49,379.65,1
13657.0,10,16,382.14,0
13658.0,9,108,2639.17,0
13659.0,205,103,1563.0,1
13662.0,85,52,881.26,0
13663.0,178,13,189.47,1
13666.0,59,12,84.65,0
13667.0,148,83,299.05,1
13668.0,2,463,6309.83,0
13669.0,50,9,218.55,0
13670.0,74,25,349.7,0
13672.0,300,6,186.39000000000001,1
13673.0,18,60,387.44,0
13675.0,150,25,486.82000000000005,1
13678.0,151,16,232.6,1
13680.0,0,194,3719.12,0
13681.0,17,57,827.83,0
13682.0,186,3,59.5,1
13684.0,285,29,65.13,1
13685.0,2,39,3119.44,0
13686.0,182,8,72.0,1
13689.0,62,6,910.0,0
13690.0,58,9,172.25,0
13692.0,24,53,1488.32,0
13694.0,3,568,65039.62,0
13695.0,30,90,2504.13,0
13697.0,38,12,151.3,0
13699.0,154,14,308.58000000000004,1
13700.0,25,194,2248.63,0
13703.0,317,1,99.5,1
13704.0,4,134,2308.06,0
13705.0,7,28,711.86,0
13706.0,302,20,330.79,1
13707.0,266,48,806.41,1
13708.0,270,49,285.33,1
13709.0,3,335,6307.650000000001,0
13710.0,31,8,180.48,0
13711.0,218,13,252.06,1
13712.0,246,10,228.84,1
13715.0,280,104,1077.39,1
13716.0,268,21,138.28,1
13717.0,31,102,1445.01,0
13718.0,245,12,306.55,1
13719.0,14,60,1041.68,0
13720.0,116,43,799.9,1
13721.0,35,28,524.14,0
13722.0,131,85,2375.41,1
13723.0,216,6,199.85000000000002,1
13725.0,49,104,1980.56,0
13726.0,38,42,1079.66,0
13727.0,28,20,333.48,0
13728.0,36,63,1016.14,0
13730.0,135,43,752.6,1
13731.0,218,38,610.59,1
13732.0,27,33,491.86,0
13735.0,24,195,2883.54,0
13736.0,4,190,729.8,0
13737.0,199,30,339.6,1
13739.0,17,3,216.9,0
13740.0,240,23,350.75,1
13741.0,71,34,668.4300000000001,0
13742.0,16,313,3107.87,0
13743.0,2,41,1341.6,0
13744.0,94,63,1080.52,1
13745.0,161,25,300.04,1
13747.0,373,1,79.6,1
13748.0,95,28,948.25,1
13750.0,53,24,1647.26,0
13751.0,287,9,296.25,1
13752.0,123,75,1175.38,1
13753.0,287,35,741.26,1
13754.0,151,12,282.6,1
13755.0,3,321,2108.06,0
13756.0,1,142,5189.52,0
13758.0,11,117,3190.55,0
13759.0,32,25,659.4100000000001,0
13760.0,53,57,286.79,0
13761.0,49,70,1070.65,0
13762.0,218,7,306.72,1
13763.0,62,15,1714.96,0
13764.0,70,207,1519.42,0
13767.0,1,368,17220.36,0
13769.0,1,135,2796.51,0
13771.0,63,119,2634.45,0
13772.0,33,173,1122.63,0
13774.0,81,22,345.0,0
13777.0,0,197,25977.16,0
13778.0,102,9,178.7,1
13780.0,6,57,360.01,0
13781.0,250,17,127.84,1
13782.0,12,113,908.86,0
13784.0,9,31,2462.79,0
13786.0,366,7,230.4,1
13787.0,75,31,309.04,0
13790.0,3,45,348.79999999999995,0
13791.0,127,11,1516.0,1
13792.0,65,13,195.55,0
13798.0,0,349,37153.85,0
13799.0,116,39,688.86,1
13800.0,309,33,558.32,1
13801.0,66,23,324.8,0
13802.0,138,60,4599.42,1
13803.0,254,17,277.07,1
13804.0,30,135,2588.39,0
13805.0,51,13,924.5999999999999,0
13806.0,63,10,256.38,0
13807.0,366,7,112.6,1
13808.0,5,76,1747.66,0
13809.0,304,12,155.05,1
13810.0,28,35,1499.01,0
13811.0,183,13,814.5,1
13812.0,41,36,539.0,0
13813.0,39,69,1366.8600000000001,0
13814.0,91,57,1579.12,1
13815.0,21,176,4027.36,0
13816.0,23,28,571.6700000000001,0
13817.0,28,24,382.98,0
13819.0,301,36,1140.35,1
13821.0,144,59,385.64,1
13822.0,5,96,632.0,0
13823.0,18,40,957.66,0
13824.0,32,46,1698.94,0
13826.0,175,10,189.5,1
13827.0,57,92,409.8,0
13828.0,21,15,209.49,0
13831.0,15,72,2198.45,0
13832.0,18,3,52.2,0
13833.0,158,28,383.85,1
13835.0,24,55,834.57,0
13837.0,211,18,266.59000000000003,1
13838.0,5,165,674.82,0
13841.0,252,1,85.0,1
13842.0,58,206,3385.62,0
13844.0,10,20,361.62,0
13845.0,64,9,312.98,0
13846.0,24,55,865.0600000000001,0
13848.0,91,5,1255.0,1
13849.0,51,101,1537.95,0
13850.0,128,93,1595.48,1
13851.0,95,81,2651.46,1
13853.0,56,23,1090.1399999999999,0
13854.0,8,110,8109.5199999999995,0
13856.0,168,14,388.5,1
13858.0,56,11,216.17000000000002,0
13859.0,325,28,201.16,1
13860.0,0,76,1245.9,0
13862.0,17,139,2209.36,0
13863.0,247,20,305.78,1
13865.0,57,30,501.56,0
13866.0,73,7,145.67,0
13867.0,30,60,1005.09,0
13868.0,6,33,3192.54,0
13869.0,122,304,3083.65,1
13870.0,1,115,2770.94,0
13871.0,22,336,6403.25,0
13873.0,119,23,389.6,1
13874.0,357,18,540.45,1
13875.0,53,104,1786.79,0
13876.0,63,7,122.7,0
13877.0,85,3,117.24,0
13878.0,54,35,1271.57,0
13880.0,20,165,3219.77,0
13881.0,3,178,17159.52,0
13882.0,2,65,1191.13,0
13883.0,10,142,2674.48,0
13884.0,6,59,787.6,0
13885.0,188,28,506.8,1
13886.0,70,16,243.56,0
13887.0,203,19,349.55,1
13888.0,119,39,595.67,1
13889.0,92,15,416.90000000000003,1
13890.0,0,110,1883.81,0
13892.0,26,27,632.97,0
13893.0,297,21,821.1,1
13894.0,23,27,564.62,0
13895.0,27,118,2593.07,0
13897.0,49,17,311.16,0
13898.0,325,12,155.93,1
13899.0,15,19,388.52,0
13900.0,182,43,740.95,1
13901.0,71,149,2867.2000000000003,0
13904.0,36,26,332.64,0
13908.0,79,122,2369.55,0
13911.0,56,148,2580.91,0
13914.0,11,33,626.45,0
13917.0,49,18,272.04,0
13918.0,49,30,1212.8400000000001,0
13919.0,58,28,384.81,0
13922.0,351,7,172.25,1
13923.0,53,20,351.13,0
13924.0,1,117,1838.8500000000001,0
13925.0,92,41,678.25,1
13926.0,22,11,223.85000000000002,0
13927.0,74,21,348.99,0
13928.0,10,27,464.57,0
13929.0,168,9,842.65,1
13930.0,57,17,337.34,0
13931.0,95,58,1237.53,1
13932.0,294,16,307.4,1
13933.0,108,23,608.79,1
13934.0,263,31,922.1,1
13936.0,179,26,376.58,1
13937.0,168,9,158.85,1
13938.0,34,7,71.66,0
13939.0,22,45,568.55,0
13940.0,16,49,839.14,0
13941.0,21,45,5112.96,0
13946.0,78,11,561.57,0
13947.0,64,5,90.60000000000001,0
13948.0,360,3,102.0,1
13949.0,2,160,2427.32,0
13950.0,10,35,745.0600000000001,0
13951.0,175,39,674.45,1
13952.0,217,137,3251.071,1
13953.0,6,20,3515.68,0
13954.0,1,25,439.92,0
13955.0,153,33,322.96,1
13956.0,4,147,1019.27,0
13959.0,78,90,594.04,0
13960.0,20,12,230.22,0
13962.0,21,11,169.54999999999998,0
13963.0,307,35,664.54,1
13967.0,145,2,80.7,1
13969.0,6,619,9024.17,0
13971.0,18,149,2758.26,0
13972.0,70,15,190.25,0
13973.0,286,11,264.7,1
13974.0,48,28,413.59000000000003,0
13975.0,30,329,2461.2400000000002,0
13976.0,206,10,357.98,1
13978.0,14,15,196.79,0
13979.0,72,54,869.87,0
13980.0,59,11,200.14,0
13982.0,38,111,1871.81,0
13983.0,29,107,2603.43,0
13984.0,26,16,920.51,0
13985.0,3,349,7060.13,0
13986.0,16,13,320.46,0
13988.0,19,234,4147.96,0
13989.0,65,41,1266.08,0
13990.0,212,16,311.3,1
13991.0,11,82,852.88,0
13992.0,29,5,76.8,0
13993.0,42,121,3466.36,0
13994.0,3,148,2274.14,0
13995.0,14,86,1393.69,0
13999.0,9,208,3901.81,0
14000.0,210,15,635.66,1
14001.0,45,39,2043.0800000000002,0
14002.0,133,47,529.73,1
14004.0,42,171,4582.64,0
14005.0,9,84,2874.72,0
14006.0,115,30,962.19,1
14009.0,197,42,695.61,1
14012.0,277,11,328.8,1
14013.0,109,34,473.02,1
14014.0,76,39,505.18,0
14015.0,52,20,917.34,0
14016.0,161,161,4341.21,1
14019.0,46,66,1421.6100000000001,0
14020.0,16,39,642.8,0
14021.0,154,22,631.9,1
14022.0,224,28,440.0,1
14023.0,6,31,584.07,0
14024.0,121,16,327.7,1
14027.0,60,6,104.82,0
14029.0,62,15,467.66,0
14030.0,17,242,2358.84,0
14031.0,6,250,17286.86,0
14032.0,1,143,2975.59,0
14034.0,21,86,648.89,0
14035.0,28,66,1428.02,0
14036.0,284,38,626.65,1
14037.0,175,28,147.20000000000002,1
14038.0,77,92,1560.38,0
14039.0,32,6,152.2,0
14040.0,40,229,3560.32,0
14041.0,265,21,141.41,1
14044.0,26,206,646.42,0
14045.0,108,6,1659.75,1
14046.0,283,14,154.99,1
14047.0,8,32,1308.6100000000001,0
14048.0,304,85,409.93,1
14049.0,16,478,5578.72,0
14050.0,31,54,746.36,0
14051.0,0,210,15610.390000000001,0
14052.0,19,56,225.35999999999999,0
14053.0,123,4,260.25,1
14054.0,64,6,92.46000000000001,0
14055.0,105,10,725.6400000000001,1
14056.0,0,1088,8152.71,0
14057.0,23,283,6211.66,0
14059.0,266,8,183.6,1
14060.0,4,202,6140.42,0
14062.0,9,111,10464.85,0
14064.0,28,77,1334.34,0
14066.0,266,7,152.55,1
14067.0,63,52,374.7,0
14068.0,319,24,265.85,1
14071.0,3,323,1437.57,0
14073.0,31,13,151.04,0
14075.0,4,43,942.26,0
14076.0,128,44,118.67,1
14077.0,40,42,499.42,0
14078.0,101,65,1049.37,1
14079.0,124,12,375.1,1
14080.0,32,4,45.599999999999994,0
14081.0,301,150,921.62,1
14082.0,364,29,182.25,1
14083.0,3,177,1002.9,0
14085.0,1,448,4421.29,0
14087.0,2,68,191.47,0
14088.0,9,589,50491.81,0
14089.0,56,13,158.75,0
14090.0,324,1,76.32000000000001,1
14092.0,7,214,4076.9100000000003,0
14093.0,11,100,433.86,0
14096.0,3,5111,65164.79,0
14098.0,36,21,147.35,0
14099.0,15,250,3104.17,0
14100.0,137,25,191.95,1
14101.0,73,35,5976.79,0
14102.0,4,58,1105.8799999999999,0
14104.0,154,21,216.21,1
14105.0,238,74,1266.23,1
14107.0,51,123,2703.23,0
14108.0,30,34,597.91,0
14109.0,72,9,144.2,0
14110.0,3,155,5683.15,0
14111.0,13,10,692.85,0
14112.0,22,160,2915.15,0
14113.0,3,34,1840.42,0
14114.0,273,15,386.53,1
14116.0,19,72,1382.74,0
14117.0,143,3,90.0,1
14121.0,3,159,2780.15,0
14124.0,83,5,419.58,0
14125.0,10,166,2720.63,0
14126.0,7,15,706.1300000000001,0
14127.0,122,44,709.71,1
14128.0,60,46,637.5,0
14129.0,1,52,1123.8600000000001,0
14130.0,318,66,480.91,1
14132.0,1,200,3586.03,0
14133.0,129,28,605.64,1
14135.0,1,134,4690.31,0
14138.0,1,46,965.88,0
14139.0,45,26,415.82,0
14140.0,3,66,935.05,0
14141.0,2,40,915.13,0
14142.0,372,22,311.81,1
14143.0,133,7,115.8,1
14145.0,46,11,3742.2,0
14146.0,8,210,4191.0,0
14147.0,77,5,483.4,0
14148.0,233,3,157.2,1
14149.0,220,28,446.62,1
14150.0,35,26,658.64,0
14152.0,74,49,621.29,0
14154.0,238,52,1345.62,1
14155.0,265,6,118.75,1
14156.0,9,1395,117210.08,0
14157.0,19,46,424.89000000000004,0
14158.0,39,41,507.65999999999997,0
14159.0,19,1175,4630.35,0
14161.0,215,104,1097.6200000000001,1
14162.0,173,25,289.36,1
14163.0,86,52,2445.91,0
14164.0,70,29,1631.77,0
14165.0,275,24,120.44,1
14167.0,38,50,562.59,0
14171.0,97,58,363.79,1
14173.0,10,29,450.84,0
14174.0,32,26,134.46,0
14175.0,59,149,3222.3,0
14176.0,296,31,576.9000000000001,1
14177.0,85,41,549.46,0
14178.0,8,318,1600.26,0
14179.0,40,157,701.57,0
14180.0,10,240,4748.52,0
14184.0,66,24,452.89,0
14185.0,330,3,197.65,1
14188.0,30,65,2054.36,0
14189.0,1,265,4654.08,0
14191.0,1,259,4684.76,0
14193.0,67,42,853.39,0
14194.0,4,579,11349.52,0
14195.0,201,7,1012.0,1
14196.0,106,6,335.52,1
14198.0,17,39,701.4,0
14199.0,217,2,185.39999999999998,1
14201.0,59,37,747.44,0
14204.0,1,39,150.61,0
14205.0,16,24,466.7,0
14206.0,238,20,328.15999999999997,1
14208.0,94,10,151.74,1
14209.0,10,87,2073.43,0
14210.0,105,102,1905.8400000000001,1
14211.0,52,112,2241.1,0
14212.0,89,9,1070.48,0
14214.0,30,67,1004.38,0
14215.0,11,108,1789.72,0
14216.0,2,59,1839.3,0
14217.0,1,100,2004.98,0
14218.0,42,12,169.48000000000002,0
14219.0,3,7,89.94,0
14220.0,246,21,632.4000000000001,1
14221.0,41,193,3432.8,0
14222.0,176,41,683.17,1
14223.0,91,60,991.13,1
14224.0,109,113,1009.73,1
14226.0,28,66,2214.79,0
14227.0,25,175,3350.96,0
14229.0,51,40,1547.2,0
14231.0,183,50,925.71,1
14232.0,42,115,2048.07,0
14233.0,48,35,1462.72,0
14234.0,21,147,754.12,0
14235.0,74,79,3144.86,0
14236.0,80,15,490.86,0
14237.0,372,9,161.0,1
14238.0,325,8,146.85,1
14239.0,42,112,2380.85,0
14240.0,29,42,890.34,0
14241.0,183,10,213.70000000000002,1
14242.0,234,16,280.55,1
14243.0,8,141,2588.77,0
14245.0,219,108,1693.45,1
14246.0,110,75,1474.06,1
14247.0,277,20,136.77,1
14248.0,317,8,302.58,1
14250.0,6,111,1904.05,0
14251.0,1,78,2879.7000000000003,0
14256.0,259,53,969.0600000000001,1
14257.0,63,106,3099.7200000000003,0
14258.0,8,111,12669.98,0
14259.0,141,5,120.0,1
14261.0,50,52,1163.45,0
14262.0,7,143,2618.23,0
14264.0,154,17,333.97,1
14265.0,108,31,530.18,1
14267.0,162,55,1516.24,1
14270.0,331,29,492.65000000000003,1
14271.0,225,10,112.32000000000001,1
14272.0,73,33,437.96,0
14273.0,50,29,559.97,0
14276.0,98,64,1119.74,1
14277.0,14,222,4188.0,0
14280.0,196,8,134.04,1
14282.0,2,154,3701.44,0
14284.0,30,32,595.25,0
14285.0,20,27,1910.01,0
14286.0,23,280,4628.75,0
14287.0,7,9,176.63,0
14288.0,212,16,426.6,1
14289.0,8,47,911.26,0
14290.0,10,101,2314.65,0
14291.0,1,237,3883.25,0
14292.0,7,100,4871.93,0
14293.0,2,61,1046.56,0
14295.0,39,5,166.20000000000002,0
14297.0,17,62,1305.33,0
14298.0,7,1637,51527.3,0
14299.0,7,143,3965.62,0
14300.0,18,3,43.2,0
14301.0,116,13,640.14,1
14304.0,222,17,383.45,1
14305.0,70,105,1858.96,0
14306.0,50,33,2093.32,0
14307.0,88,180,2995.7200000000003,0
14309.0,7,117,2352.53,0
14311.0,242,20,310.26,1
14312.0,46,87,1611.5900000000001,0
14314.0,106,8,120.0,1
14315.0,44,101,2481.13,0
14317.0,64,24,508.58,0
14320.0,206,31,477.79,1
14321.0,10,123,1530.75,0
14323.0,114,36,605.0600000000001,1
14326.0,241,8,183.85,1
14327.0,162,12,311.65000000000003,1
14329.0,16,258,4975.24,0
14331.0,123,28,462.66,1
14332.0,22,25,840.21,0
14333.0,67,15,415.2,0
14334.0,16,162,2552.21,0
14335.0,15,60,454.86,0
14336.0,16,90,1614.91,0
14338.0,160,31,588.22,1
14339.0,242,14,309.52000000000004,1
14340.0,218,6,134.7,1
14341.0,44,128,2166.98,0
14342.0,20,21,668.5600000000001,0
14344.0,126,71,889.9300000000001,1
14345.0,38,6,108.98,0
14346.0,120,60,1021.58,1
14348.0,259,18,409.57,1
14349.0,9,31,133.5,0
14350.0,273,18,282.93,1
14351.0,164,1,51.0,1
14352.0,156,47,1078.96,1
14353.0,214,6,90.6,1
14354.0,5,9,163.62,0
14355.0,365,11,174.4,1
14356.0,79,33,701.23,0
14357.0,42,40,225.12,0
14359.0,18,55,912.1800000000001,0
14360.0,31,117,2118.03,0
14362.0,21,37,151.5,0
14364.0,108,69,3717.35,1
14367.0,7,521,9227.82,0
14368.0,319,8,155.0,1
14371.0,294,4,100.5,1
14373.0,357,4,76.55,1
14375.0,184,66,235.56,1
14377.0,190,11,617.05,1
14379.0,43,46,348.1,0
14381.0,51,56,202.68,0
14382.0,25,126,615.49,0
14383.0,37,59,1247.69,0
14385.0,8,14,202.10999999999999,0
14386.0,296,7,142.4,1
14387.0,32,139,1727.6,0
14388.0,9,186,3212.84,0
14389.0,64,45,1043.46,0
14390.0,9,284,4642.57,0
14393.0,217,5,67.95,1
14395.0,1,348,3479.91,0
14396.0,64,73,487.99,0
14397.0,2,87,2612.96,0
14400.0,148,25,574.7,1
14401.0,3,182,4051.48,0
14403.0,129,20,1475.81,1
14404.0,33,100,1449.32,0
14406.0,118,8,156.75,1
14407.0,106,73,2157.73,1
14408.0,10,106,2599.03,0
14409.0,70,54,2059.4500000000003,0
14410.0,91,189,1100.27,1
14411.0,310,14,1063.0,1
14412.0,42,43,770.03,0
14413.0,361,22,121.05,1
14414.0,91,97,1496.98,1
14415.0,0,579,5855.57,0
14416.0,21,14,490.22,0
14418.0,3,124,1937.25,0
14419.0,10,202,1051.79,0
14420.0,98,29,387.52,1
14421.0,56,27,813.11,0
14422.0,0,222,4263.64,0
14423.0,217,3,265.2,1
14424.0,17,1,322.08,0
14426.0,23,224,4481.67,0
14427.0,49,17,363.34000000000003,0
14428.0,6,137,1224.06,0
14431.0,302,17,470.36,1
14432.0,9,377,2248.5,0
14434.0,21,12,1372.8,0
14436.0,98,9,89.06,1
14437.0,365,5,63.0,1
14438.0,305,9,131.9,1
14439.0,319,32,2661.24,1
14440.0,7,55,2357.68,0
14441.0,0,51,1712.89,0
14442.0,204,63,1589.82,1
14443.0,53,93,1420.2,0
14446.0,0,277,1010.35,0
14447.0,18,70,1163.23,0
14448.0,8,20,375.35,0
14449.0,18,250,885.8,0
14450.0,180,40,483.25,1
14451.0,59,105,643.9,0
14452.0,10,60,259.05,0
14453.0,189,22,119.93,1
14456.0,4,947,3017.28,0
14457.0,310,4,113.64,1
14459.0,154,37,1837.92,1
14460.0,109,16,434.34,1
14461.0,147,180,2103.06,1
14462.0,65,233,1980.57,0
14463.0,97,6,529.62,1
14465.0,246,123,1038.44,1
14466.0,28,72,2272.4,0
14467.0,17,89,596.26,0
14470.0,11,43,461.19,0
14472.0,103,265,1852.67,1
14473.0,73,7,234.34,0
14474.0,45,29,547.66,0
14475.0,71,42,925.85,0
14476.0,256,17,193.0,1
14477.0,19,10,1309.6,0
14479.0,253,18,316.25,1
14480.0,10,13,279.05,0
14481.0,164,30,636.51,1
14482.0,17,137,2022.81,0
14483.0,281,9,137.1,1
14484.0,49,14,321.92,0
14485.0,38,46,162.8,0
14487.0,26,140,1165.48,0
14488.0,67,46,1064.28,0
14489.0,206,30,463.38,1
14491.0,174,17,340.93,1
14493.0,6,120,2383.2400000000002,0
14494.0,25,7,139.56,0
14495.0,50,6,123.80000000000001,0
14496.0,311,19,538.8100000000001,1
14497.0,308,29,475.37,1
14498.0,42,193,1957.32,0
14499.0,25,190,808.44,0
14500.0,87,7,356.85,0
14501.0,183,10,251.21,1
14502.0,19,608,2429.83,0
14503.0,2,164,3543.26,0
14504.0,46,107,673.26,0
14505.0,16,785,5859.43,0
14506.0,16,295,1960.65,0
14507.0,23,95,1367.88,0
14508.0,21,55,268.05,0
14511.0,10,68,1314.81,0
14512.0,187,23,275.28,1
14513.0,100,12,455.59000000000003,1
14514.0,60,69,990.2,0
14515.0,17,98,2076.89,0
14517.0,32,18,330.45,0
14518.0,63,16,174.37,0
14520.0,1,4,270.6,0
14522.0,23,17,974.54,0
14523.0,107,12,241.09,1
14524.0,31,197,1843.83,0
14525.0,19,282,4215.9,0
14527.0,2,971,8507.13,0
14528.0,36,18,364.21999999999997,0
14529.0,59,213,578.61,0
14530.0,25,213,2862.11,0
14532.0,235,64,932.85,1
14533.0,24,62,1949.72,0
14534.0,2,508,4397.3,0
14535.0,59,328,2854.84,0
14536.0,259,18,170.95,1
14537.0,57,10,355.56,0
14538.0,64,19,388.25,0
14539.0,15,32,537.48,0
14540.0,9,71,952.66,0
14541.0,58,105,1453.35,0
14542.0,185,5,103.25,1
14543.0,28,71,3599.73,0
14544.0,23,111,2004.3,0
14546.0,4,397,2573.93,0
14547.0,3,355,3974.75,0
14548.0,150,4,652.8,1
14549.0,310,56,289.24,1
14550.0,10,47,757.37,0
14551.0,17,10,186.23,0
14552.0,151,57,164.22,1
14553.0,18,113,859.27,0
14554.0,9,203,2279.4900000000002,0
14555.0,56,19,312.54,0
14557.0,84,16,788.38,0
14560.0,6,74,2237.77,0
14561.0,75,69,1080.76,0
14562.0,3,419,5006.77,0
14565.0,95,127,3099.12,1
14566.0,110,4,1432.0,1
14567.0,56,33,1530.3600000000001,0
14569.0,0,12,227.39,0
14570.0,280,29,218.06,1
14572.0,2,262,2804.54,0
14573.0,179,227,1639.82,1
14576.0,371,1,35.400000000000006,1
14577.0,12,123,859.71,0
14578.0,2,24,168.63,0
14581.0,16,17,138.6,0
14582.0,40,6,114.11,0
14583.0,5,302,986.96,0
14584.0,168,98,1033.06,1
14585.0,49,29,157.05,0
14586.0,276,19,237.35999999999999,1
14587.0,18,371,1580.29,0
14589.0,371,3,39.75,1
14591.0,14,176,1320.21,0
14592.0,34,158,557.94,0
14593.0,21,151,617.15,0
14594.0,6,52,363.33,0
14595.0,19,102,1740.6000000000001,0
14597.0,10,47,866.24,0
14598.0,43,50,221.97,0
14600.0,305,25,393.33000000000004,1
14601.0,10,7,213.96,0
14603.0,274,2,660.0,1
14606.0,0,2677,12076.15,0
14607.0,15,81,16209.5,0
14608.0,3,20,1785.15,0
14609.0,71,4,601.56,0
14616.0,242,3,406.08000000000004,1
14618.0,8,16,553.44,0
14619.0,245,20,394.44,1
14620.0,205,26,412.78000000000003,1
14621.0,0,92,1788.3600000000001,0
14622.0,184,21,320.58000000000004,1
14623.0,31,133,886.7,0
14624.0,56,13,225.85,0
14625.0,195,53,899.63,1
14626.0,23,122,2791.27,0
14628.0,90,24,671.96,0
14629.0,3,150,955.26,0
14631.0,50,41,1006.98,0
14632.0,262,8,114.56,1
14633.0,265,20,344.90000000000003,1
14636.0,35,28,609.85,0
14638.0,50,16,443.6,0
14639.0,51,172,2984.4900000000002,0
14640.0,23,105,2107.38,0
14641.0,21,7,110.46000000000001,0
14642.0,58,2,96.12,0
14643.0,169,31,693.8100000000001,1
14644.0,67,26,830.76,0
14645.0,156,30,597.09,1
14646.0,1,2076,280206.02,0
14647.0,200,28,236.04000000000002,1
14649.0,4,186,1402.59,0
14651.0,66,101,653.75,0
14652.0,76,29,114.18,0
14653.0,0,234,1926.65,0
14655.0,7,49,1932.23,0
14656.0,168,80,291.05,1
14657.0,17,126,848.22,0
14658.0,4,29,247.15,0
14659.0,8,253,2529.93,0
14660.0,86,30,285.74,0
14661.0,26,4,107.95,0
14662.0,28,157,741.37,0
14664.0,19,98,636.24,0
14665.0,60,90,1835.7,0
14666.0,23,14,195.25,0
14667.0,10,567,9175.04,0
14669.0,241,166,1259.24,1
14670.0,279,123,392.86,1
14672.0,234,61,765.5500000000001,1
14673.0,2,74,1736.4,0
14675.0,15,97,596.36,0
14676.0,30,42,2548.2400000000002,0
14680.0,24,258,28754.11,0
14681.0,70,7,498.95,0
14682.0,187,2,52.0,1
14684.0,25,390,1201.51,0
14687.0,106,15,628.38,1
14688.0,7,324,5579.1,0
14689.0,208,13,112.80000000000001,1
14690.0,43,48,355.05,0
14691.0,30,71,2114.33,0
14692.0,136,68,591.55,1
14693.0,264,8,172.9,1
14696.0,3,130,2078.95,0
14697.0,217,22,188.61,1
14698.0,1,200,1217.27,0
14699.0,213,8,109.13000000000001,1
14700.0,31,112,2195.1,0
14701.0,10,327,2526.09,0
14702.0,0,342,3251.79,0
14703.0,14,22,318.17,0
14704.0,10,393,1493.96,0
14705.0,198,1,179.0,1
14708.0,2,28,1126.3700000000001,0
14709.0,14,196,4921.04,0
14710.0,13,136,599.48,0
14711.0,9,345,2839.62,0
14712.0,28,25,917.07,0
14713.0,8,338,2662.2,0
14714.0,23,10,160.19,0
14715.0,24,71,867.38,0
14716.0,42,51,307.51,0
14719.0,1,235,1581.84,0
14720.0,5,37,663.81,0
14722.0,146,28,180.42,1
14723.0,9,259,1122.36,0
14725.0,24,47,655.58,0
14727.0,273,10,268.58,1
14729.0,373,71,313.49,1
14730.0,0,462,1897.57,0
14731.0,46,45,380.02,0
14732.0,7,147,2702.4900000000002,0
14733.0,15,202,9585.91,0
14735.0,3,194,6065.6900000000005,0
14737.0,3,17,1164.55,0
14738.0,42,54,1314.45,0
14739.0,3,60,3902.28,0
14740.0,196,89,1448.21,1
14741.0,11,59,1400.3400000000001,0
14744.0,15,26,1099.98,0
14745.0,112,69,1220.26,1
14747.0,248,18,328.2,1
14748.0,28,89,1415.75,0
14752.0,43,5,389.64000000000004,0
14753.0,86,30,563.15,0
14754.0,44,41,638.05,0
14755.0,9,235,5010.28,0
14756.0,14,38,738.96,0
14757.0,74,19,420.5,0
14758.0,144,71,1484.06,1
14759.0,4,102,1625.97,0
14760.0,296,5,89.2,1
14761.0,58,11,255.9,0
14762.0,263,21,300.52,1
14764.0,46,6,278.3,0
14765.0,28,39,254.11,0
14766.0,7,135,2473.37,0
14768.0,16,5,192.60000000000002,0
14769.0,2,1062,10416.98,0
14770.0,231,52,876.4200000000001,1
14772.0,111,9,139.26,1
14775.0,57,60,1011.9,0
14776.0,50,117,2538.2999999999997,0
14778.0,126,35,730.86,1
14779.0,280,41,386.15,1
14780.0,54,27,447.68,0
14782.0,319,6,200.10000000000002,1
14784.0,25,15,289.99,0
14785.0,9,3,77.4,0
14788.0,6,30,679.44,0
14789.0,28,6,197.64,0
14790.0,16,46,745.06,0
14792.0,63,2,6.2,0
14793.0,20,14,228.99,0
14794.0,2,80,1319.91,0
14795.0,165,6,131.45000000000002,1
14796.0,0,1132,7975.49,0
14798.0,52,12,173.74,0
14799.0,50,13,157.7,0
14800.0,47,383,4331.79,0
14801.0,60,57,189.34,0
14803.0,161,44,845.5500000000001,1
14804.0,8,12,353.27,0
14805.0,14,46,546.4,0
14806.0,74,11,193.39000000000001,0
14808.0,39,231,2718.6,0
14810.0,40,254,2085.33,0
14813.0,369,29,152.88,1
14815.0,36,53,778.5,0
14816.0,196,4,271.85,1
14817.0,199,63,1110.34,1
14818.0,73,48,657.8,0
14819.0,63,13,272.07,0
14820.0,20,29,507.29,0
14821.0,366,2,48.800000000000004,1
14823.0,179,70,321.43,1
14824.0,9,29,1127.71,0
14825.0,3,120,2221.01,0
14828.0,196,17,2139.76,1
14829.0,28,42,697.55,0
14830.0,52,39,188.88,0
14834.0,17,67,1720.3,0
14836.0,9,6,102.45,0
14837.0,89,108,1649.5,0
14840.0,267,4,62.85,1
14841.0,52,138,3295.76,0
14842.0,43,145,2824.69,0
14844.0,63,130,3189.81,0
14847.0,148,13,309.40000000000003,1
14849.0,21,388,7930.54,0
14850.0,311,21,325.75,1
14851.0,22,28,511.35,0
14852.0,57,143,2836.69,0
14853.0,23,9,475.8,0
14854.0,77,126,2740.03,0
14855.0,118,20,645.65,1
14856.0,35,65,1290.53,0
14857.0,59,60,1173.1200000000001,0
14859.0,12,58,1353.74,0
14860.0,18,11,170.32,0
14861.0,51,6,125.79,0
14862.0,25,48,841.2,0
14863.0,28,11,266.76,0
14865.0,6,4,52.2,0
14866.0,10,99,14389.9,0
14867.0,185,36,710.28,1
14868.0,2,144,2953.59,0
14869.0,8,70,721.45,0
14870.0,261,13,327.25,1
14871.0,2,93,501.28000000000003,0
14873.0,209,28,519.68,1
14875.0,107,47,1465.32,1
14878.0,12,122,1476.09,0
14880.0,76,46,690.59,0
14881.0,19,17,255.4,0
14882.0,26,11,589.7,0
14883.0,18,53,761.59,0
14885.0,131,15,765.3199999999999,1
14886.0,252,18,364.8,1
14887.0,78,6,1862.0,0
14888.0,206,20,369.2,1
14889.0,335,10,135.9,1
14890.0,253,7,125.65,1
14891.0,147,33,554.38,1
14893.0,9,73,1237.8500000000001,0
14894.0,84,23,655.75,0
14895.0,7,498,11138.710000000001,0
14896.0,204,43,468.77000000000004,1
14897.0,7,55,1366.38,0
14898.0,22,109,1269.31,0
14901.0,10,96,1421.29,0
14902.0,25,20,332.66,0
14903.0,20,350,2795.33,0
14904.0,1,69,1025.44,0
14905.0,157,17,616.15,1
14907.0,2,165,3501.1,0
14908.0,73,9,277.8,0
14910.0,2,30,434.35,0
14911.0,0,5670,143711.17,0
14912.0,16,27,867.85,0
14913.0,35,87,1227.43,0
14915.0,90,12,307.48,0
14916.0,70,77,1268.98,0
14918.0,115,45,1610.15,1
14920.0,212,57,977.77,1
14921.0,29,78,1316.07,0
14923.0,50,44,749.1,0
14924.0,245,10,310.05,1
14929.0,31,11,223.88,0
14930.0,108,127,2362.96,1
14931.0,4,41,1257.68,0
14932.0,365,17,363.53,1
14934.0,81,87,1890.94,0
14935.0,296,10,1784.71,1
14936.0,33,364,8137.02,0
14937.0,56,34,1621.88,0
14944.0,29,170,5900.25,0
14946.0,13,3,100.9,0
14947.0,71,14,290.82,0
14948.0,22,63,1101.97,0
14950.0,18,19,371.2,0
14951.0,78,20,311.69,0
14952.0,59,138,8099.49,0
14953.0,24,54,285.67,0
14954.0,11,77,294.85,0
14957.0,252,12,58.49,1
14958.0,146,41,483.73,1
14959.0,63,59,695.42,0
14960.0,7,27,221.27,0
14961.0,10,312,7044.68,0
14962.0,270,5,126.7,1
14963.0,9,192,1472.34,0
14964.0,246,13,206.21,1
14965.0,95,81,596.09,1
14966.0,14,36,183.02,0
14967.0,49,6,463.8,0
14968.0,29,37,147.59,0
14970.0,67,34,1592.06,0
14971.0,34,155,1097.98,0
14972.0,127,18,114.77,1
14973.0,106,32,1314.45,1
14974.0,36,17,89.94,0
14975.0,56,11,279.94,0
14976.0,56,72,790.86,0
14978.0,71,214,1921.3700000000001,0
14981.0,245,8,102.12,1
14984.0,18,39,202.37,0
14985.0,197,83,292.01,1
14987.0,15,4,326.4,0
14988.0,211,40,334.54,1
14995.0,38,60,231.98000000000002,0
14997.0,45,26,546.1999999999999,0
14998.0,169,74,414.87,1
15000.0,47,77,490.52,0
15002.0,115,115,1641.76,1
15004.0,146,154,1220.77,1
15005.0,15,1112,6295.37,0
15006.0,50,132,480.38,0
15007.0,158,12,156.91,1
15009.0,11,180,1259.43,0
15010.0,35,20,308.94,0
15012.0,53,122,405.04,0
15014.0,42,33,257.67,0
15016.0,172,20,170.04,1
15017.0,33,20,125.58,0
15018.0,38,31,496.21,0
15019.0,266,66,252.81,1
15021.0,8,444,1871.77,0
15022.0,11,121,852.39,0
15023.0,2,553,6720.41,0
15024.0,9,152,1636.43,0
15025.0,32,67,361.96,0
15026.0,79,61,469.0,0
15027.0,30,35,1066.15,0
15028.0,7,48,627.13,0
15030.0,71,7,518.28,0
15031.0,3,110,653.19,0
15032.0,255,52,4959.1,1
15033.0,4,501,2557.18,0
15034.0,15,390,4274.16,0
15035.0,89,27,252.73000000000002,0
15036.0,71,119,429.56,0
15038.0,58,125,685.74,0
15039.0,9,1477,19766.59,0
15041.0,169,66,179.93,1
15042.0,198,5,135.93,1
15043.0,30,3,537.0,0
15044.0,18,444,7634.7300000000005,0
15045.0,151,12,735.66,1
15046.0,8,201,5090.42,0
15047.0,269,22,343.62,1
15048.0,64,94,381.0,0
15049.0,273,3,121.17000000000002,1
15050.0,24,76,1737.69,0
15051.0,22,142,1383.36,0
15052.0,318,28,207.73000000000002,1
15053.0,4,69,693.95,0
15054.0,11,114,302.1,0
15057.0,274,25,1489.5,1
15058.0,24,266,2102.54,0
15059.0,40,237,1337.72,0
15060.0,7,115,294.25,0
15061.0,3,403,54534.14,0
15062.0,70,57,987.86,0
15063.0,212,5,370.79999999999995,1
15065.0,37,155,3158.13,0
15066.0,52,42,893.59,0
15067.0,77,82,1744.76,0
15068.0,45,104,553.36,0
15069.0,178,70,1109.53,1
15070.0,372,1,106.2,1
15071.0,93,26,982.07,1
15073.0,9,54,1043.41,0
15074.0,104,41,735.67,1
15075.0,77,27,773.03,0
15076.0,172,49,880.85,1
15078.0,6,440,9743.11,0
15079.0,212,47,895.61,1
15081.0,21,33,504.8,0
15083.0,256,5,88.2,1
15087.0,281,15,306.94,1
15088.0,20,57,1160.07,0
15089.0,9,145,2420.84,0
15090.0,307,23,381.32,1
15091.0,67,30,480.71,0
15092.0,214,26,457.81,1
15093.0,17,108,4597.02,0
15095.0,103,47,1370.6000000000001,1
15096.0,42,11,219.39000000000001,0
15097.0,3,25,248.08,0
15098.0,181,3,39916.5,1
15099.0,83,23,410.48,0
15100.0,333,3,876.0,1
15101.0,8,8,317.53000000000003,0
15103.0,30,35,703.36,0
15104.0,196,67,993.54,1
15105.0,17,101,2298.93,0
15106.0,17,100,1422.52,0
15107.0,310,16,319.5,1
15108.0,141,60,1300.25,1
15109.0,245,28,484.95,1
15110.0,23,35,996.1,0
15111.0,28,84,1567.48,0
15113.0,9,97,3509.43,0
15114.0,29,197,2760.56,0
15115.0,17,21,340.11,0
15116.0,17,45,1352.75,0
15117.0,14,79,1551.78,0
15118.0,133,1,244.8,1
15119.0,245,14,266.4,1
15120.0,133,21,358.82,1
15121.0,49,28,457.72,0
15122.0,113,82,1633.78,1
15123.0,6,106,2199.31,0
15124.0,22,15,184.19,0
15125.0,24,127,11528.48,0
15127.0,65,16,406.53000000000003,0
15128.0,59,102,1471.0,0
15129.0,49,84,3447.4,0
15130.0,169,22,330.11,1
15132.0,17,52,977.9300000000001,0
15133.0,127,29,982.42,1
15134.0,14,73,1387.99,0
15135.0,238,9,139.05,1
15136.0,2,68,1286.7,0
15139.0,239,13,178.96,1
15140.0,51,80,2354.25,0
15142.0,45,26,498.74,0
15143.0,225,14,259.45,1
15144.0,7,217,6580.4400000000005,0
15145.0,3,67,1194.73,0
15146.0,164,91,1327.16,1
15147.0,239,28,623.5,1
15148.0,10,20,301.29,0
15149.0,133,23,520.8000000000001,1
15150.0,16,341,5291.33,0
15152.0,9,271,4745.69,0
15153.0,30,22,329.25,0
15154.0,74,71,254.28,0
15156.0,0,55,961.49,0
15157.0,3,125,1936.07,0
15158.0,44,7,401.40000000000003,0
15159.0,1,710,18641.010000000002,0
15160.0,356,4,158.16,1
15163.0,17,29,304.47,0
15164.0,68,101,824.58,0
15165.0,372,27,487.75,1
15167.0,320,39,158.8,1
15168.0,25,5,106.56,0
15171.0,330,5,1289.5,1
15172.0,8,110,1624.05,0
15174.0,322,11,135.75,1
15175.0,71,23,224.14,0
15178.0,259,3,40.5,1
15179.0,17,93,2206.9500000000003,0
15180.0,366,6,87.5,1
15181.0,65,16,689.48,0
15182.0,153,29,622.85,1
15184.0,28,62,402.2,0
15185.0,69,21,310.62,0
15186.0,13,19,411.41,0
15187.0,1,91,4777.18,0
15189.0,0,212,16225.39,0
15192.0,119,51,1044.32,1
15193.0,60,19,499.32,0
15194.0,2,310,7616.53,0
15195.0,2,1,3861.0,0
15197.0,10,32,1079.61,0
15198.0,91,10,193.64,1
15199.0,58,13,1268.7,0
15201.0,86,69,1236.54,0
15203.0,25,142,1827.8,0
15204.0,356,9,316.58,1
15205.0,84,37,653.24,0
15206.0,9,9,420.3,0
15208.0,0,42,870.12,0
15210.0,224,20,331.18,1
15211.0,59,52,894.4100000000001,0
15212.0,240,5,101.8,1
15213.0,318,24,328.35,1
15214.0,1,110,1661.44,0
15215.0,46,35,734.94,0
15216.0,87,2,96.6,0
15218.0,10,166,5756.89,0
15219.0,175,9,305.75,1
15220.0,51,117,1778.96,0
15221.0,365,5,403.25,1
15222.0,318,5,585.0,1
15223.0,225,20,755.75,1
15224.0,357,14,322.08,1
15225.0,233,23,409.40000000000003,1
15226.0,310,8,154.41,1
15227.0,36,58,1219.4,0
15228.0,65,125,3386.71,0
15230.0,238,23,429.6,1
15232.0,112,31,612.06,1
15234.0,276,14,197.0,1
15235.0,217,143,2247.51,1
15236.0,298,15,321.05,1
15237.0,1,99,1412.32,0
15238.0,28,50,1071.99,0
15239.0,9,49,780.59,0
15240.0,44,78,1706.57,0
15241.0,66,110,1756.44,0
15243.0,73,22,316.68,0
15244.0,64,34,631.57,0
15245.0,133,89,2515.84,1
15246.0,237,33,514.15,1
15247.0,121,6,356.0,1
15249.0,31,350,6688.46,0
15251.0,8,111,10484.99,0
15252.0,35,44,740.78,0
15253.0,15,53,918.2,0
15254.0,126,18,300.36,1
15255.0,66,47,890.85,0
15256.0,148,6,98.45,1
15257.0,282,7,317.15,1
15258.0,168,34,623.16,1
15260.0,99,77,1810.77,1
15261.0,134,19,254.82,1
15262.0,323,10,178.95000000000002,1
15263.0,106,12,156.51,1
15264.0,63,23,393.74,0
15265.0,150,82,1506.1200000000001,1
15266.0,337,6,119.3,1
15267.0,21,11,1717.36,0
15269.0,23,2,408.8,0
15270.0,15,41,2379.49,0
15271.0,6,264,2493.34,0
15272.0,56,63,721.94,0
15274.0,3,47,716.57,0
15275.0,37,41,615.14,0
15276.0,65,49,128.63,0
15277.0,46,12,255.89999999999998,0
15279.0,354,19,290.51,1
15280.0,171,16,113.12,1
15281.0,58,139,2332.15,0
15286.0,49,3,240.55,0
15287.0,21,20,486.69,0
15288.0,42,88,2306.52,0
15289.0,28,58,939.78,0
15290.0,4,204,7943.22,0
15291.0,25,103,4668.3,0
15292.0,200,24,178.39,1
15296.0,50,194,3672.86,0
15297.0,9,39,641.94,0
15298.0,1,192,4799.9,0
15299.0,66,7,4507.01,0
15300.0,63,28,496.44,0
15301.0,50,242,5049.95,0
15303.0,289,31,574.02,1
15304.0,60,23,694.4,0
15306.0,63,58,1174.3500000000001,0
15307.0,95,12,205.3,1
15308.0,273,19,310.47,1
15311.0,0,2366,60632.75,0
15312.0,74,47,924.85,0
15313.0,109,1,52.0,1
15314.0,198,24,327.97,1
15315.0,63,37,570.5,0
15316.0,326,1,165.0,1
15318.0,3,33,312.62,0
15319.0,283,16,204.5,1
15320.0,43,36,267.13,0
15321.0,70,95,2748.31,0
15322.0,85,42,679.68,0
15325.0,103,48,161.74,1
15326.0,333,29,311.71,1
15327.0,52,10,208.75,0
15329.0,38,57,1049.7,0
15330.0,31,13,714.9599999999999,0
15332.0,365,35,1661.06,1
15333.0,207,16,1028.56,1
15334.0,156,98,350.82,1
15335.0,53,35,170.22,0
15339.0,65,86,574.07,0
15341.0,80,17,2020.52,0
15342.0,129,24,406.09000000000003,1
15343.0,86,21,364.5,0
15344.0,0,26,563.94,0
15345.0,45,20,393.54,0
15346.0,332,17,252.42000000000002,1
15347.0,365,5,201.60000000000002,1
15348.0,71,9,158.04,0
15349.0,157,71,463.91,1
15350.0,372,5,115.65,1
15351.0,11,219,1934.66,0
15353.0,254,61,770.12,1
15355.0,28,14,277.05,0
15356.0,30,499,2718.03,0
15358.0,4,551,8347.2,0
15360.0,39,13,427.93,0
15361.0,361,7,418.92,1
15363.0,372,16,326.0,1
15364.0,95,29,913.19,1
15365.0,25,114,2314.32,0
15366.0,74,44,602.51,0
15367.0,56,95,1877.5900000000001,0
15368.0,20,4,446.94000000000005,0
15370.0,40,94,2386.05,0
15372.0,136,27,2007.4,1
15373.0,7,132,2415.91,0
15374.0,128,3,168.0,1
15376.0,39,116,1221.56,0
15379.0,168,194,3703.29,1
15380.0,8,36,1690.26,0
15381.0,213,8,596.85,1
15382.0,14,302,5955.71,0
15384.0,169,41,642.41,1
15385.0,39,12,316.88,0
15386.0,185,31,394.14,1
15388.0,269,10,140.54,1
15389.0,171,1,500.0,1
15392.0,4,84,1535.53,0
15393.0,15,12,231.86,0
15394.0,9,85,2183.54,0
15395.0,325,7,107.45,1
15396.0,112,14,288.18,1
15397.0,289,6,94.0,1
15398.0,15,73,1345.53,0
15399.0,0,50,815.77,0
15400.0,91,12,716.2,1
15402.0,148,42,626.77,1
15405.0,188,8,349.1,1
15406.0,30,53,510.71000000000004,0
15407.0,33,148,1046.74,0
15408.0,263,34,267.18,1
15410.0,83,122,3450.84,0
15411.0,25,98,1348.93,0
15412.0,170,10,190.53,1
15414.0,9,39,774.9000000000001,0
15415.0,312,47,559.61,1
15416.0,64,192,3984.32,0
15417.0,84,28,508.8,0
15419.0,24,8,135.86,0
15421.0,58,53,950.36,0
15422.0,322,6,97.7,1
15423.0,37,2,43.5,0
15424.0,253,17,383.34,1
15426.0,18,275,1404.07,0
15427.0,32,292,1430.54,0
15428.0,14,6,93.78,0
15429.0,26,82,397.35,0
15432.0,22,10,171.19000000000003,0
15433.0,213,41,533.3,1
15434.0,7,55,1041.48,0
15435.0,21,29,149.29,0
15436.0,11,291,1067.75,0
15437.0,261,45,200.16,1
15438.0,130,25,156.57999999999998,1
15440.0,54,62,383.68,0
15442.0,248,2,594.0,1
15443.0,1,372,3213.59,0
15444.0,8,214,1411.21,0
15445.0,263,5,113.5,1
15447.0,330,9,155.17000000000002,1
15448.0,312,28,494.64,1
15449.0,25,60,974.52,0
15450.0,29,30,429.84,0
15452.0,29,56,528.48,0
15453.0,1,279,1371.77,0
15454.0,361,25,179.1,1
15456.0,282,58,434.59,1
15457.0,261,58,237.07,1
15458.0,24,7,161.64,0
15460.0,353,56,214.26,1
15462.0,93,11,234.6,1
15463.0,28,7,126.14,0
15464.0,337,155,1044.65,1
15465.0,19,97,7354.62,0
15466.0,84,57,334.53,0
15467.0,8,52,524.88,0
15468.0,50,24,467.51,0
15469.0,49,24,538.55,0
15471.0,1,73,454.48,0
15472.0,112,76,371.56,1
15473.0,13,11,1771.2,0
15475.0,76,29,454.11,0
15478.0,39,44,1399.92,0
15480.0,115,45,905.5,1
15482.0,15,97,10879.76,0
15483.0,160,84,225.26,1
15484.0,0,187,3590.41,0
15485.0,29,85,2564.5,0
15488.0,92,2,91.32000000000001,1
15489.0,22,50,1134.28,0
15491.0,94,154,3100.09,1
15492.0,27,35,659.46,0
15493.0,32,289,1953.41,0
15494.0,20,122,1280.58,0
15497.0,17,15,1262.2,0
15498.0,2,512,13316.4,0
15500.0,7,68,1131.56,0
15502.0,15,213,10384.93,0
15503.0,362,66,141.04,1
15504.0,80,13,52.83,0
15505.0,52,97,3610.96,0
15506.0,22,161,972.08,0
15507.0,171,45,475.86,1
15508.0,188,92,1000.27,1
15510.0,330,1,250.0,1
15511.0,11,158,900.53,0
15512.0,155,7,121.0,1
15513.0,32,308,14758.22,0
15514.0,11,166,4023.7200000000003,0
15516.0,44,15,62.43,0
15517.0,232,27,267.03,1
15518.0,63,210,1921.55,0
15520.0,1,18,343.5,0
15521.0,39,185,3000.2,0
15522.0,32,56,397.99,0
15523.0,83,10,412.01000000000005,0
15524.0,24,1,440.0,0
15525.0,1,156,734.37,0
15526.0,32,4,148.44,0
15527.0,18,162,2428.53,0
15528.0,253,26,229.33,1
15529.0,22,662,3962.6,0
15530.0,21,107,1497.31,0
15531.0,7,219,1972.39,0
15532.0,24,251,1564.73,0
15533.0,18,83,807.57,0
15535.0,172,72,502.9,1
15537.0,162,24,110.92,1
15539.0,6,41,538.46,0
15540.0,10,15,213.3,0
15541.0,113,29,85.13000000000001,1
15543.0,287,28,127.86,1
15544.0,8,259,3546.71,0
15545.0,53,80,288.96999999999997,0
15547.0,6,695,4910.6,0
15549.0,76,114,1681.46,0
15550.0,3,61,575.63,0
15551.0,36,29,436.06,0
15552.0,216,17,90.12,1
15553.0,59,55,428.93,0
15554.0,277,14,217.2,1
15555.0,11,887,4794.86,0
15556.0,23,31,279.77,0
15557.0,28,19,468.91,0
15561.0,11,27,800.5899999999999,0
15562.0,351,1,134.55,1
15563.0,21,113,1400.44,0
15565.0,49,8,173.16000000000003,0
15567.0,18,7,186.01,0
15568.0,2,53,758.29,0
15569.0,103,31,1375.71,1
15570.0,6,319,4148.82,0
15571.0,11,57,650.4300000000001,0
15572.0,4,212,2533.42,0
15573.0,31,97,591.1899999999999,0
15574.0,177,152,675.64,1
15576.0,37,43,921.37,0
15577.0,150,39,258.88,1
15578.0,161,13,127.1,1
15579.0,68,48,327.6,0
15581.0,120,146,3675.77,1
15582.0,24,44,682.9100000000001,0
15584.0,23,122,720.86,0
15585.0,176,31,455.3,1
15587.0,49,9,913.68,0
15589.0,255,29,478.53,1
15592.0,46,24,388.58,0
15593.0,70,5,199.8,0
15594.0,15,103,1771.78,0
15596.0,100,77,1406.59,1
15597.0,34,22,324.57,0
15598.0,52,14,240.68,0
15599.0,26,52,761.74,0
15601.0,10,410,6776.56,0
15602.0,7,46,1297.8700000000001,0
15603.0,78,2,48.480000000000004,0
15604.0,51,17,216.39000000000001,0
15605.0,35,67,1198.23,0
15606.0,60,77,2920.16,0
15607.0,336,13,104.76,1
15608.0,27,60,1093.68,0
15609.0,183,16,298.48,1
15610.0,51,6,112.46000000000001,0
15611.0,9,43,1591.45,0
15612.0,35,6,195.15,0
15615.0,9,423,10399.74,0
15618.0,32,45,776.851,0
15619.0,10,3,336.4,0
15620.0,56,100,1553.18,0
15621.0,3,16,1293.03,0
15622.0,42,185,3709.56,0
15623.0,140,19,301.03000000000003,1
15624.0,116,34,588.13,1
15625.0,103,64,1534.26,1
15626.0,74,49,675.8,0
15628.0,4,155,2870.2400000000002,0
15630.0,44,60,1186.35,0
15632.0,15,167,3285.31,0
15634.0,16,15,243.55,0
15636.0,89,25,724.76,0
15637.0,52,15,223.36,0
15639.0,133,25,425.32,1
15640.0,3,476,12416.11,0
15641.0,104,119,1887.2,1
15643.0,191,33,664.0,1
15644.0,165,232,803.54,1
15645.0,18,52,612.01,0
15646.0,157,35,447.64000000000004,1
15648.0,203,24,639.5,1
15649.0,335,2,816.0,1
15651.0,36,32,646.3,0
15652.0,90,21,337.74,0
15653.0,92,6,877.44,1
15654.0,8,21,922.53,0
15655.0,242,34,560.6700000000001,1
15656.0,44,47,748.5,0
15657.0,22,1,30.0,0
15658.0,189,48,1024.1000000000001,1
15659.0,43,11,306.45,0
15660.0,24,90,1600.86,0
15661.0,316,5,309.8,1
15663.0,105,9,138.14,1
15664.0,50,17,386.43,0
15665.0,167,115,2222.21,1
15667.0,39,13,301.32000000000005,0
15668.0,217,1,76.32000000000001,1
15669.0,39,33,684.34,0
15670.0,296,12,173.05,1
15671.0,18,78,2657.13,0
15673.0,87,138,2726.23,0
15674.0,72,114,2446.6,0
15675.0,80,21,323.69,0
15676.0,18,202,3435.76,0
15677.0,48,33,657.23,0
15678.0,52,12,352.7,0
15679.0,23,110,781.28,0
15680.0,8,78,1333.68,0
15681.0,24,53,1426.16,0
15683.0,116,10,193.75,1
15687.0,8,166,2993.1,0
15689.0,119,9,254.1,1
15690.0,3,19,239.76,0
15691.0,251,2,136.8,1
15692.0,27,12,191.04,0
15694.0,0,78,6479.4,0
15695.0,266,22,409.98,1
15696.0,32,168,2711.11,0
15699.0,17,18,309.65,0
15700.0,171,86,696.68,1
15701.0,1,230,1529.0,0
15703.0,264,5,211.5,1
15704.0,139,117,2293.62,1
15705.0,200,6,143.1,1
15706.0,63,55,1060.56,0
15707.0,34,205,916.98,0
15708.0,40,273,3235.25,0
15709.0,283,6,133.25,1
15712.0,8,53,1072.3600000000001,0
15713.0,142,19,356.7,1
15714.0,11,34,330.03000000000003,0
15716.0,145,117,1101.11,1
15717.0,233,7,150.3,1
15719.0,32,931,5030.07,0
15720.0,23,128,598.73,0
15721.0,11,84,471.40000000000003,0
15722.0,35,67,2211.21,0
15723.0,364,38,190.70000000000002,1
15724.0,200,11,218.25,1
15725.0,14,32,415.25,0
15727.0,16,301,5159.06,0
15729.0,212,5,85.0,1
15730.0,65,70,1120.88,0
15732.0,211,14,294.12,1
15733.0,282,10,162.3,1
15734.0,114,26,1339.45,1
15737.0,14,71,1188.1200000000001,0
15738.0,18,173,4812.42,0
15739.0,65,8,449.12,0
15740.0,48,9,154.88,0
15743.0,15,86,775.96,0
15744.0,77,3,34.8,0
15745.0,18,62,1094.5900000000001,0
15746.0,133,28,196.88,1
15747.0,12,90,946.64,0
15748.0,39,20,144.36,0
15749.0,234,10,44534.3,1
15750.0,2,291,2463.05,0
15752.0,39,405,2626.6,0
15753.0,304,1,79.2,1
15754.0,50,28,458.57,0
15755.0,9,141,2364.25,0
15756.0,60,191,528.01,0
15757.0,65,45,714.42,0
15758.0,24,9,205.25,0
15759.0,217,7,253.04000000000002,1
15762.0,64,37,583.75,0
15763.0,31,61,1086.92,0
15764.0,87,180,3279.9700000000003,0
15766.0,63,11,315.06,0
15768.0,115,27,621.83,1
15769.0,6,130,56252.72,0
15773.0,5,10,635.6800000000001,0
15774.0,68,25,270.8,0
15775.0,244,7,104.9,1
15776.0,132,18,241.62,1
15777.0,240,21,1047.1100000000001,1
15780.0,183,29,475.28000000000003,1
15781.0,24,20,345.46000000000004,0
15782.0,9,43,2614.74,0
15783.0,10,14,246.3,0
15785.0,32,83,2328.9700000000003,0
15786.0,45,266,4919.0,0
15787.0,25,200,933.26,0
15789.0,357,25,351.3,1
15790.0,9,34,218.75,0
15791.0,43,75,1612.69,0
15793.0,14,12,965.61,0
15795.0,149,42,610.01,1
15796.0,0,132,2708.61,0
15797.0,112,8,2207.4,1
15799.0,75,98,884.14,0
15800.0,106,117,696.89,1
15801.0,45,64,1063.95,0
15802.0,142,1,451.42,1
15803.0,50,8,415.82000000000005,0
15804.0,0,262,4206.39,0
15805.0,22,299,5488.18,0
15806.0,45,31,784.58,0
15807.0,49,48,903.9,0
15808.0,305,195,3651.27,1
15809.0,35,35,515.77,0
15810.0,78,89,1391.98,0
15811.0,21,133,2218.62,0
15812.0,106,41,1801.14,1
15813.0,207,40,1303.9099999999999,1
15814.0,16,72,1945.3300000000002,0
15815.0,63,49,2100.6,0
15819.0,48,123,1905.45,0
15820.0,319,17,206.98,1
15821.0,43,62,570.96,0
15822.0,2,33,885.47,0
15823.0,371,1,15.0,1
15825.0,171,20,532.94,1
15826.0,55,68,1654.31,0
15827.0,72,115,1836.09,0
15829.0,98,51,636.14,1
15830.0,37,39,576.0,0
15831.0,57,66,794.64,0
15832.0,253,54,836.79,1
15834.0,69,269,2225.15,0
15835.0,43,50,954.09,0
15836.0,49,10,137.37,0
15837.0,64,24,391.98,0
15838.0,10,167,33643.08,0
15839.0,32,62,1048.49,0
15840.0,58,27,355.56,0
15841.0,72,47,1224.06,0
15843.0,303,8,118.95,1
15844.0,45,11,130.73999999999998,0
15845.0,17,138,3711.77,0
15847.0,37,22,389.27,0
15850.0,18,93,234.88,0
15852.0,186,22,160.71,1
15853.0,51,30,110.8,0
15854.0,3,138,2969.12,0
15855.0,136,80,712.24,1
15856.0,3,628,16143.64,0
15857.0,18,14,297.0,0
15858.0,15,188,1427.57,0
15860.0,40,139,965.16,0
15861.0,11,540,3146.92,0
15862.0,7,147,832.88,0
15863.0,25,18,68.84,0
15864.0,21,20,1936.32,0
15865.0,40,40,895.13,0
15866.0,100,43,211.89,1
15867.0,4,459,3810.14,0
15869.0,276,15,149.64,1
15870.0,32,74,351.44,0
15872.0,14,108,316.25,0
15874.0,63,120,4405.88,0
15877.0,1,126,490.33,0
15880.0,368,96,329.03,1
15881.0,311,29,501.39,1
15882.0,198,23,516.36,1
15883.0,1,49,396.48,0
15885.0,92,18,379.35,1
15886.0,59,12,181.09,0
15888.0,80,12,168.31,0
15889.0,156,85,420.07,1
15891.0,226,60,511.68,1
15894.0,252,37,258.25,1
15895.0,149,11,179.17,1
15897.0,193,22,208.59,1
15898.0,0,84,1383.83,0
15899.0,368,4,56.25,1
15900.0,23,47,337.28000000000003,0
15901.0,16,111,351.73,0
15903.0,9,74,5126.76,0
15904.0,7,30,164.68,0
15906.0,19,150,1567.69,0
15907.0,3,226,882.72,0
15909.0,173,7,191.94,1
15910.0,0,266,1228.88,0
15912.0,177,19,264.62,1
15916.0,15,151,1502.8600000000001,0
15917.0,247,12,123.1,1
15918.0,190,40,334.23,1
15919.0,19,122,525.69,0
15920.0,153,60,167.5,1
15921.0,172,24,323.03000000000003,1
15922.0,372,11,369.5,1
15923.0,372,21,127.08,1
15925.0,193,12,207.15,1
15930.0,66,21,426.63,0
15932.0,3,115,2495.87,0
15933.0,20,74,1107.46,0
15935.0,238,12,416.86,1
15937.0,63,7,145.35000000000002,0
15938.0,111,18,404.58000000000004,1
15939.0,89,76,6115.01,0
15940.0,310,1,35.8,1
15942.0,133,14,337.44,1
15944.0,276,6,325.1,1
15945.0,364,2,181.0,1
15947.0,82,29,1708.24,0
15948.0,7,60,955.24,0
15949.0,16,19,364.72,0
15950.0,31,97,1744.71,0
15951.0,8,41,708.22,0
15952.0,33,84,781.91,0
15953.0,14,97,1657.28,0
15955.0,23,183,4416.26,0
15957.0,31,42,428.89,0
15958.0,73,7,104.35,0
15963.0,19,28,470.76,0
15965.0,16,111,808.87,0
15967.0,22,80,397.68,0
15969.0,2,20,666.1,0
15970.0,303,11,314.09999999999997,1
15971.0,17,35,4199.85,0
15973.0,366,4,307.82000000000005,1
15974.0,38,176,3442.15,0
15975.0,83,24,371.01,0
15976.0,164,96,427.64,1
15977.0,16,65,1054.73,0
15978.0,76,49,1098.78,0
15980.0,88,43,2398.86,0
15981.0,24,97,3408.48,0
15983.0,21,112,1465.12,0
15984.0,2,258,2780.63,0
15985.0,122,37,1142.42,1
15986.0,29,14,168.12,0
15987.0,11,128,1432.77,0
15988.0,18,26,156.78,0
15990.0,43,52,792.11,0
15992.0,3,3,41.989999999999995,0
15993.0,8,543,2777.67,0
15994.0,54,32,414.27,0
15996.0,87,127,1032.58,0
15998.0,36,504,3080.22,0
16000.0,2,9,12393.7,0
16003.0,29,103,2735.37,0
16005.0,11,201,578.71,0
16006.0,210,8,101.4,1
16007.0,47,381,1693.81,0
16008.0,23,33,478.78,0
16009.0,21,82,972.11,0
16010.0,245,79,392.4,1
16011.0,7,210,3352.96,0
16012.0,34,94,1415.29,0
16013.0,3,139,37130.6,0
16014.0,37,138,646.83,0
16015.0,3,181,704.55,0
16016.0,2,224,1465.51,0
16017.0,46,32,211.88,0
16018.0,38,28,408.9,0
16019.0,46,160,3786.24,0
16020.0,16,46,851.01,0
16022.0,259,71,602.63,1
16023.0,45,101,719.81,0
16024.0,11,63,251.03,0
16025.0,29,28,439.65999999999997,0
16026.0,42,32,236.09,0
16027.0,91,16,934.62,1
16029.0,38,241,80850.84,0
16030.0,309,29,331.24,1
16031.0,91,98,547.9,1
16033.0,5,1128,8778.82,0
16034.0,195,22,437.70000000000005,1
16036.0,86,55,758.9200000000001,0
16037.0,269,39,855.02,1
16038.0,7,26,471.78,0
16040.0,64,65,1313.55,0
16041.0,30,6,3166.4,0
16042.0,21,70,1177.47,0
16043.0,37,39,773.99,0
16045.0,119,83,1340.7,1
16048.0,372,8,256.44,1
16049.0,39,299,1074.81,0
16050.0,173,10,137.9,1
16052.0,53,34,362.06,0
16053.0,32,84,1511.95,0
16054.0,144,70,783.9,1
16055.0,220,8,134.8,1
16056.0,44,66,650.75,0
16057.0,15,121,2263.12,0
16059.0,65,178,1453.16,0
16062.0,9,64,1153.62,0
16063.0,259,23,335.32,1
16065.0,364,73,367.14,1
16066.0,16,101,1521.04,0
16070.0,21,33,852.15,0
16071.0,44,21,326.24,0
16072.0,287,23,584.3199999999999,1
16073.0,296,1,122.4,1
16076.0,2,129,2234.73,0
16078.0,283,1,79.2,1
16079.0,16,21,1352.0,0
16080.0,81,10,217.16,0
16081.0,55,223,2799.42,0
16083.0,100,31,1317.62,1
16084.0,298,38,436.18,1
16085.0,22,167,981.51,0
16086.0,58,39,1121.39,0
16091.0,154,18,315.06,1
16092.0,114,51,817.86,1
16093.0,106,1,17.0,1
16094.0,11,63,1078.23,0
16096.0,263,12,320.62,1
16097.0,239,10,185.04999999999998,1
16098.0,87,67,2005.63,0
16099.0,49,39,731.9,0
16101.0,70,76,1290.7,0
16102.0,41,57,1842.14,0
16103.0,6,48,1429.64,0
16104.0,61,28,298.21,0
16105.0,248,13,336.96,1
16106.0,65,6,108.38,0
16107.0,17,31,3204.1600000000003,0
16108.0,84,48,842.5,0
16109.0,218,18,611.88,1
16110.0,44,342,1320.95,0
16112.0,142,16,195.74,1
16113.0,182,30,161.38,1
16114.0,170,8,135.75000000000003,1
16115.0,9,279,1660.8799999999999,0
16116.0,211,34,612.78,1
16117.0,189,30,232.21,1
16119.0,7,16,423.36,0
16120.0,58,30,1309.14,0
16121.0,56,204,854.66,0
16122.0,72,38,684.42,0
16123.0,51,16,307.78000000000003,0
16124.0,316,11,249.0,1
16125.0,366,13,289.35,1
16126.0,28,117,6287.77,0
16127.0,38,40,656.25,0
16128.0,17,89,1880.22,0
16131.0,51,78,3506.54,0
16133.0,3,338,14589.04,0
16134.0,21,35,618.09,0
16135.0,262,21,517.55,1
16136.0,59,37,709.38,0
16139.0,18,31,635.4100000000001,0
16140.0,65,35,725.1800000000001,0
16141.0,87,30,620.4,0
16142.0,249,37,535.34,1
16143.0,2,117,2424.94,0
16144.0,246,1,175.2,1
16145.0,8,224,3799.4900000000002,0
16146.0,156,29,734.13,1
16147.0,133,22,375.0,1
16148.0,295,1,76.32000000000001,1
16149.0,4,18,280.52,0
16150.0,42,117,2053.02,0
16152.0,268,29,1829.04,1
16153.0,49,89,1824.23,0
16156.0,8,128,3092.04,0
16157.0,15,18,656.69,0
16159.0,281,14,348.2,1
16160.0,64,20,1025.44,0
16161.0,1,471,5533.67,0
16162.0,251,2,37.4,1
16163.0,231,6,856.6,1
16164.0,16,34,822.48,0
16168.0,10,98,3787.6,0
16169.0,7,85,1822.97,0
16170.0,50,125,1885.05,0
16171.0,58,3,73.19999999999999,0
16172.0,94,69,1140.21,1
16173.0,15,84,1418.32,0
16174.0,125,23,1009.55,1
16175.0,93,58,1037.5900000000001,1
16177.0,49,15,331.95,0
16178.0,137,8,197.9,1
16179.0,60,11,215.83,0
16180.0,99,162,10254.18,1
16181.0,72,11,305.54,0
16182.0,71,28,6617.65,0
16183.0,66,15,338.71000000000004,0
16184.0,63,45,1158.79,0
16185.0,16,31,529.41,0
16186.0,22,218,4006.94,0
16187.0,31,295,6911.4400000000005,0
16188.0,44,67,981.86,0
16189.0,15,11,215.48,0
16190.0,39,6,215.08,0
16191.0,2,134,5180.52,0
16193.0,236,19,314.45,1
16198.0,74,15,400.68100000000004,0
16200.0,3,172,1068.8700000000001,0
16201.0,2,111,1863.47,0
16202.0,360,18,365.27,1
16203.0,58,35,592.9,0
16204.0,22,50,384.18,0
16205.0,30,97,757.63,0
16206.0,54,63,537.0600000000001,0
16207.0,24,19,394.38,0
16208.0,44,66,664.26,0
16209.0,88,46,2262.62,0
16210.0,1,123,21086.3,0
16211.0,88,23,547.02,0
16212.0,18,41,690.34,0
16213.0,78,6,159.0,0
16214.0,170,44,1062.75,1
16215.0,80,14,242.35,0
16216.0,266,37,914.9300000000001,1
16217.0,234,15,304.25,1
16218.0,29,84,3084.68,0
16221.0,36,95,860.86,0
16222.0,317,122,773.55,1
16224.0,56,96,1295.3,0
16225.0,44,134,1096.32,0
16226.0,202,8,255.12,1
16227.0,224,6,314.22,1
16229.0,86,47,1010.6,0
16230.0,189,35,542.03,1
16232.0,43,37,990.88,0
16233.0,70,22,536.6800000000001,0
16235.0,40,46,867.3100000000001,0
16236.0,77,20,432.2,0
16239.0,56,19,414.2,0
16240.0,23,135,3718.8,0
16241.0,9,655,2590.31,0
16242.0,7,292,3579.86,0
16243.0,33,51,409.1,0
16244.0,211,91,1522.75,1
16245.0,23,90,1413.66,0
16247.0,169,16,114.56,1
16248.0,61,7,152.94,0
16249.0,52,69,1800.07,0
16250.0,260,24,389.44,1
16253.0,66,123,3683.86,0
16255.0,16,270,2619.91,0
16256.0,266,13,752.4300000000001,1
16257.0,176,2,46.95,1
16258.0,44,135,5203.51,0
16260.0,50,18,1035.45,0
16261.0,16,119,728.54,0
16265.0,8,258,5447.0,0
16266.0,73,61,861.89,0
16268.0,70,45,667.65,0
16270.0,352,54,1141.24,1
16271.0,2,130,1404.64,0
16272.0,116,25,411.7,1
16274.0,372,65,351.75,1
16275.0,196,33,559.87,1
16276.0,176,6,810.6,1
16278.0,99,23,566.38,1
16279.0,20,106,1502.78,0
16281.0,71,17,2062.06,0
16282.0,339,11,168.3,1
16283.0,5,166,1570.81,0
16284.0,30,103,812.68,0
16287.0,169,8,142.5,1
16292.0,121,17,302.25,1
16293.0,21,118,2248.9900000000002,0
16295.0,9,79,1328.55,0
16297.0,268,20,301.9,1
16298.0,22,27,598.2,0
16302.0,126,11,233.22,1
16303.0,25,162,5360.63,0
16305.0,138,22,361.22,1
16306.0,213,41,632.27,1
16308.0,37,4,2560.0,0
16309.0,105,42,706.57,1
16311.0,17,37,616.26,0
16313.0,2,16,274.15000000000003,0
16315.0,330,14,226.37,1
16316.0,63,151,2938.91,0
16317.0,119,69,1341.65,1
16318.0,34,19,328.15000000000003,0
16319.0,217,3,404.40000000000003,1
16320.0,171,56,1038.46,1
16321.0,71,12,373.65000000000003,0
16322.0,0,37,326.75,0
16323.0,195,1,207.50000000000003,1
16324.0,127,111,408.59000000000003,1
16325.0,46,18,594.24,0
16326.0,5,300,3039.2200000000003,0
16327.0,13,317,3820.27,0
16330.0,17,39,251.91,0
16332.0,27,151,1582.8,0
16333.0,7,45,26626.8,0
16337.0,36,10,151.05,0
16338.0,156,11,214.8,1
16339.0,283,18,94.05,1
16340.0,106,141,534.31,1
16341.0,24,77,1971.8700000000001,0
16342.0,74,15,322.41,0
16343.0,15,43,328.58,0
16344.0,157,2,101.10000000000001,1
16345.0,43,37,565.46,0
16347.0,10,85,847.45,0
16348.0,31,222,1415.65,0
16349.0,290,9,53.5,1
16350.0,20,57,1116.47,0
16351.0,332,8,153.9,1
16352.0,17,28,494.44,0
16353.0,3,94,6675.71,0
16354.0,62,39,395.8,0
16356.0,197,31,211.77,1
16357.0,32,34,658.88,0
16358.0,0,109,2027.5,0
16359.0,6,66,1750.92,0
16360.0,4,636,3450.41,0
16361.0,9,104,891.21,0
16362.0,31,77,709.99,0
16363.0,52,5,109.36000000000001,0
16364.0,11,52,705.79,0
16365.0,17,51,1540.42,0
16366.0,18,18,327.3,0
16367.0,36,127,800.67,0
16368.0,1,69,479.91,0
16369.0,17,117,1545.41,0
16370.0,81,221,1301.91,0
16372.0,32,92,355.73,0
16374.0,65,109,466.73,0
16376.0,8,122,974.96,0
16377.0,266,5,676.2,1
16378.0,246,23,362.95,1
16379.0,3,108,2157.4,0
16380.0,60,31,1743.1499999999999,0
16383.0,74,98,643.76,0
16384.0,89,33,584.5,0
16385.0,59,57,554.86,0
16386.0,28,81,302.57,0
16387.0,322,4,94.36,1
16389.0,52,34,1382.0700000000002,0
16392.0,269,43,217.89000000000001,1
16393.0,1,327,3040.96,0
16394.0,56,83,1555.34,0
16395.0,60,206,1482.06,0
16398.0,153,82,1705.8,1
16399.0,18,72,408.02,0
16400.0,94,29,303.93,1
16401.0,0,186,4098.32,0
16402.0,264,57,293.45,1
16403.0,311,10,177.5,1
16404.0,69,23,443.05,0
16405.0,301,5,167.25,1
16406.0,18,58,154.35,0
16407.0,12,168,2079.68,0
16409.0,35,231,2022.98,0
16411.0,18,44,211.7,0
16412.0,53,30,135.99,0
16413.0,56,31,262.2,0
16414.0,21,7,126.25,0
16415.0,43,47,200.27,0
16416.0,26,71,1051.4,0
16418.0,44,95,631.12,0
16419.0,112,50,958.71,1
16422.0,16,369,34684.4,0
16423.0,24,18,346.12,0
16424.0,190,5,133.56,1
16425.0,301,21,302.7,1
16426.0,1,353,1863.76,0
16427.0,262,9,241.06,1
16429.0,105,2,284.55,1
16430.0,56,6,300.85,0
16431.0,212,76,623.28,1
16432.0,63,8,287.40000000000003,0
16433.0,27,17,184.26,0
16434.0,28,107,1511.8,0
16438.0,5,132,798.35,0
16440.0,7,282,3640.67,0
16441.0,66,24,381.2,0
16442.0,1,171,609.3,0
16444.0,45,84,654.67,0
16445.0,33,63,230.51,0
16446.0,0,3,168472.5,0
16447.0,135,34,255.91,1
16448.0,197,19,182.99,1
16449.0,197,40,707.69,1
16450.0,149,11,311.92,1
16451.0,87,14,266.97,0
16454.0,44,2,6.9,0
16455.0,63,99,1841.18,0
16456.0,98,110,2158.18,1
16457.0,217,9,208.36,1
16458.0,2,202,3482.7400000000002,0
16460.0,27,132,811.23,0
16461.0,177,32,142.92,1
16462.0,73,3,136.0,0
16463.0,20,82,1422.4,0
16464.0,19,230,1298.66,0
16466.0,33,146,1595.96,0
16468.0,73,2,74.9,0
16469.0,23,171,625.42,0
16470.0,51,164,752.77,0
16471.0,274,13,223.95000000000002,1
16473.0,164,18,316.11,1
16474.0,6,337,1810.65,0
16475.0,87,28,544.3,0
16477.0,63,146,2494.46,0
16478.0,24,17,331.0,0
16479.0,9,35,300.83,0
16480.0,75,53,769.29,0
16482.0,15,18,220.62,0
16483.0,191,19,139.35,1
16484.0,173,25,404.3,1
16485.0,76,42,363.65,0
16488.0,32,29,498.8,0
16491.0,46,39,731.5,0
16493.0,79,56,1351.63,0
16494.0,296,50,826.53,1
16495.0,2,88,648.26,0
16496.0,8,95,1599.52,0
16497.0,49,136,2965.69,0
16498.0,160,15,100.97,1
16499.0,359,19,365.45,1
16500.0,4,11,400.86,0
16503.0,106,84,1431.93,1
16504.0,24,83,465.88,0
16505.0,31,4,777.6,0
16506.0,19,3,90.30000000000001,0
16509.0,296,13,363.70000000000005,1
16510.0,371,13,248.1,1
16511.0,21,159,918.33,0
16513.0,4,35,874.59,0
16515.0,51,111,1624.14,0
16516.0,29,6,101.69999999999999,0
16517.0,276,17,162.70000000000002,1
16518.0,60,40,484.32,0
16519.0,24,13,215.07999999999998,0
16520.0,185,156,1046.57,1
16523.0,1,290,9418.470000000001,0
16525.0,1,183,13027.45,0
16526.0,171,15,290.36,1
16527.0,80,14,228.06,0
16528.0,3,17,244.41,0
16529.0,189,30,455.25,1
16531.0,21,77,1244.59,0
16532.0,17,4,6748.8,0
16533.0,18,176,1082.81,0
16535.0,4,31,593.75,0
16536.0,109,54,548.12,1
16539.0,2,45,1388.81,0
16542.0,53,5,119.62,0
16545.0,164,3,339.3,1
16546.0,290,25,787.15,1
16549.0,9,925,4034.9,0
16550.0,108,251,2298.97,1
16551.0,95,32,922.12,1
16552.0,242,17,379.73,1
16553.0,162,84,5719.82,1
16554.0,41,52,837.1,0
16555.0,34,17,285.89,0
16556.0,66,207,3313.79,0
16557.0,23,11,281.85,0
16558.0,0,460,8338.49,0
16560.0,26,56,841.41,0
16561.0,5,31,511.12,0
16563.0,53,19,1077.74,0
16565.0,363,3,173.7,1
16566.0,14,18,614.66,0
16567.0,193,35,865.6,1
16569.0,2,5,124.2,0
16570.0,14,126,3738.4,0
16571.0,26,87,1421.69,0
16572.0,126,57,1009.6,1
16573.0,84,42,663.61,0
16574.0,70,28,451.44,0
16581.0,182,9,105.84,1
16582.0,112,6,313.62,1
16583.0,373,14,233.45,1
16584.0,79,28,936.08,0
16586.0,248,8,463.95,1
16587.0,231,13,225.15,1
16589.0,70,33,459.24,0
16591.0,68,10,213.5,0
16592.0,3,216,4113.68,0
16593.0,50,27,330.03,0
16594.0,74,53,181.09,0
16595.0,60,85,360.16,0
16596.0,15,12,250.15,0
16597.0,3,7,90.04,0
16598.0,285,10,145.05,1
16600.0,3,62,813.52,0
16601.0,40,30,242.7,0
16602.0,35,29,528.08,0
16603.0,74,34,482.47,0
16607.0,17,172,3347.71,0
16609.0,14,276,5493.46,0
16610.0,218,6,75.66,1
16611.0,185,10,129.49,1
16612.0,32,66,1187.66,0
16613.0,69,30,618.59,0
16614.0,182,26,506.19,1
16616.0,14,33,500.42,0
16617.0,235,5,151.85,1
16618.0,30,96,2647.59,0
16619.0,263,14,226.21,1
16620.0,3,9,178.96,0
16621.0,51,29,813.48,0
16623.0,245,5,129.45000000000002,1
16624.0,80,48,810.57,0
16625.0,274,23,333.08,1
16626.0,0,179,4413.1,0
16627.0,78,20,322.8,0
16628.0,29,117,2188.05,0
16629.0,73,60,408.63,0
16633.0,16,152,2883.1,0
16634.0,222,9,217.9,1
16637.0,31,69,1154.47,0
16638.0,22,94,1680.72,0
16639.0,30,50,1257.51,0
16641.0,105,12,231.1,1
16642.0,4,34,688.33,0
16643.0,245,27,487.51,1
16644.0,177,62,833.78,1
16647.0,169,14,214.06,1
16648.0,42,19,290.66,0
16650.0,71,24,518.42,0
16652.0,58,118,6773.97,0
16653.0,15,69,1212.66,0
16654.0,140,29,601.27,1
16655.0,17,258,3789.52,0
16656.0,21,73,8625.8,0
16657.0,9,192,874.43,0
16658.0,367,8,123.24,1
16659.0,188,2,39.12,1
16660.0,15,16,1267.65,0
16665.0,361,9,135.4,1
16666.0,18,32,118.98,0
16667.0,67,52,567.1800000000001,0
16668.0,14,20,306.72,0
16669.0,23,156,1348.88,0
16670.0,16,252,4095.9,0
16671.0,27,6,1692.27,0
16672.0,1,114,8134.9400000000005,0
16674.0,54,93,304.24,0
16676.0,33,89,1592.12,0
16678.0,2,163,3109.99,0
16679.0,365,3,129.75,1
16680.0,42,10,183.7,0
16681.0,72,44,1770.3400000000001,0
16682.0,4,30,1028.0,0
16684.0,3,277,66653.56,0
16685.0,60,62,324.24,0
16686.0,46,544,2959.88,0
16688.0,0,62,1260.8600000000001,0
16689.0,75,13,422.6,0
16690.0,71,12,225.58,0
16692.0,255,3,1276.0,1
16693.0,68,59,477.86,0
16696.0,134,10,657.9,1
16697.0,240,21,112.75,1
16698.0,226,5,1998.0,1
16700.0,8,308,5076.55,0
16701.0,8,144,5398.3,0
16705.0,0,270,14034.99,0
16706.0,36,123,531.35,0
16708.0,45,27,656.63,0
16709.0,84,79,3029.87,0
16710.0,18,394,2467.9900000000002,0
16711.0,2,22,1651.03,0
16712.0,8,438,3611.31,0
16713.0,18,619,6910.78,0
16714.0,218,87,1129.06,1
16715.0,77,19,301.71999999999997,0
16716.0,266,2,901.2,1
16717.0,23,198,3843.08,0
16718.0,368,44,606.0500000000001,1
16719.0,14,196,1770.22,0
16720.0,25,25,152.95,0
16721.0,261,37,292.47,1
16722.0,16,225,4730.81,0
16723.0,90,42,576.4,0
16725.0,301,145,758.27,1
16726.0,25,178,1358.74,0
16727.0,363,44,256.32,1
16728.0,45,263,1048.28,0
16729.0,37,656,7205.33,0
16730.0,51,82,743.11,0
16732.0,31,28,603.75,0
16734.0,51,52,646.76,0
16735.0,78,116,2247.41,0
16737.0,52,1,417.6,0
16738.0,297,1,3.75,1
16739.0,176,13,323.0,1
16742.0,46,1,464.9,0
16743.0,28,190,2213.13,0
16744.0,10,236,1291.91,0
16745.0,86,355,7180.7,0
16746.0,4,444,6680.11,0
16747.0,37,42,836.0600000000001,0
16748.0,17,69,1515.9,0
16750.0,44,95,623.93,0
16751.0,30,25,1764.72,0
16752.0,372,9,207.5,1
16753.0,57,34,223.92000000000002,0
16754.0,371,2,2002.4,1
16755.0,113,165,1475.43,1
16756.0,214,13,239.4,1
16757.0,318,7,106.83000000000001,1
16758.0,64,22,369.34000000000003,0
16759.0,7,42,789.79,0
16761.0,96,13,316.62,1
16762.0,19,63,1207.24,0
16763.0,198,23,611.8499999999999,1
16764.0,3,700,2790.9500000000003,0
16765.0,293,1,34.0,1
16766.0,272,34,1145.6,1
16767.0,30,221,5575.56,0
16768.0,47,54,478.09000000000003,0
16769.0,259,38,361.54,1
16770.0,57,140,757.1,0
16771.0,32,254,2242.61,0
16773.0,56,26,171.59,0
16774.0,67,48,661.52,0
16775.0,9,157,1691.51,0
16776.0,59,71,371.54,0
16777.0,79,48,222.62,0
16778.0,73,16,245.94,0
16779.0,1,331,10611.72,0
16780.0,99,59,422.24,1
16781.0,371,17,311.25,1
16782.0,9,183,2267.9500000000003,0
16784.0,19,3,107.6,0
16788.0,122,148,594.39,1
16789.0,7,5,80.80000000000001,0
16790.0,3,93,1545.6200000000001,0
16791.0,28,314,1705.78,0
16792.0,281,12,110.38,1
16793.0,56,16,243.84,0
16794.0,0,278,1196.5,0
16795.0,364,66,414.88,1
16796.0,88,18,305.62,0
16800.0,10,156,1162.65,0
16801.0,162,75,1594.23,1
16803.0,64,24,332.3,0
16804.0,22,60,536.99,0
16805.0,173,98,460.59000000000003,1
16806.0,102,93,762.16,1
16807.0,142,67,1121.59,1
16808.0,98,23,288.42,1
16809.0,22,149,914.69,0
16810.0,191,15,309.54,1
16811.0,4,28,547.07,0
16812.0,360,15,479.35,1
16813.0,7,426,1652.18,0
16814.0,13,319,6416.7,0
16816.0,102,28,417.06,1
16817.0,2,86,1604.75,0
16818.0,10,188,3349.57,0
16820.0,95,26,497.61,1
16823.0,226,38,358.38,1
16824.0,15,26,460.64,0
16825.0,38,28,775.18,0
16826.0,50,22,341.7,0
16828.0,92,8,128.5,1
16829.0,156,11,197.22,1
16830.0,38,23,325.91,0
16832.0,183,12,199.15,1
16833.0,0,47,1106.53,0
16834.0,227,24,413.46,1
16835.0,127,10,180.85,1
16836.0,39,11,251.87,0
16837.0,30,165,3170.98,0
16838.0,196,25,588.85,1
16839.0,8,266,16594.35,0
16841.0,36,116,1869.82,0
16842.0,100,63,1264.19,1
16843.0,42,378,10196.57,0
16846.0,49,11,214.32,0
16847.0,42,12,193.44,0
16848.0,52,14,281.42,0
16849.0,186,8,124.57,1
16850.0,333,19,332.41,1
16851.0,3,20,342.45,0
16852.0,9,9,144.91,0
16855.0,23,19,328.40000000000003,0
16856.0,14,2,35.400000000000006,0
16858.0,368,10,375.69000000000005,1
16859.0,144,52,747.81,1
16861.0,59,6,173.76,0
16863.0,30,26,502.8,0
16866.0,140,11,207.74,1
16869.0,22,127,817.12,0
16871.0,21,137,2812.34,0
16872.0,76,7,680.02,0
16873.0,4,279,7123.62,0
16875.0,66,112,2095.53,0
16877.0,11,156,846.62,0
16878.0,83,3,13.3,0
16880.0,30,174,1491.43,0
16881.0,66,1,432.0,0
16882.0,66,39,705.12,0
16883.0,186,37,272.48,1
16884.0,37,26,429.84,0
16885.0,14,96,450.41,0
16887.0,34,36,192.32999999999998,0
16889.0,194,135,1578.67,1
16891.0,1,186,742.43,0
16892.0,0,97,518.19,0
16893.0,366,45,145.93,1
16895.0,64,62,202.27,0
16897.0,298,37,289.78,1
16898.0,25,157,501.03000000000003,0
16899.0,7,123,1271.06,0
16900.0,16,79,887.11,0
16902.0,115,44,1706.88,1
16903.0,28,56,363.2,0
16904.0,3,665,3653.75,0
16905.0,4,199,3037.6,0
16906.0,81,86,559.59,0
16907.0,28,140,928.76,0
16909.0,71,18,379.14,0
16910.0,3,545,1508.96,0
16912.0,28,100,2555.58,0
16913.0,289,8,113.44,1
16914.0,35,30,183.76,0
16915.0,8,57,621.6800000000001,0
16916.0,23,136,562.41,0
16917.0,276,9,391.52,1
16918.0,49,128,1068.82,0
16919.0,155,326,2592.25,1
16921.0,60,55,154.18,0
16923.0,11,626,7069.08,0
16924.0,20,81,829.89,0
16926.0,370,14,230.25,1
16927.0,115,6,543.05,1
16928.0,79,204,2814.7,0
16929.0,3,77,1295.39,0
16930.0,25,53,378.89,0
16931.0,4,886,4554.87,0
16932.0,52,48,150.23000000000002,0
16933.0,0,44,563.23,0
16934.0,54,61,931.03,0
16936.0,25,56,261.9,0
16938.0,8,235,2711.6800000000003,0
16940.0,51,305,3049.88,0
16942.0,12,277,1904.99,0
16943.0,211,33,816.73,1
16945.0,21,249,4345.5,0
16947.0,235,21,406.48,1
16948.0,138,19,435.02,1
16949.0,3,60,1286.27,0
16950.0,56,42,1178.56,0
16951.0,134,86,1277.75,1
16952.0,108,16,167.61,1
16953.0,29,1,20.8,0
16954.0,0,54,2085.08,0
16955.0,184,25,518.67,1
16956.0,17,16,308.74,0
16957.0,238,16,416.64,1
16959.0,86,7,117.35000000000001,0
16960.0,38,101,507.05,0
16961.0,115,14,234.17000000000002,1
16963.0,186,7,110.55000000000001,1
16965.0,226,26,201.19,1
16966.0,7,28,2154.97,0
16967.0,188,21,319.02,1
16968.0,3,31,439.43,0
16969.0,38,42,650.41,0
16971.0,37,41,357.21,0
16976.0,266,2,251.51999999999998,1
16978.0,77,39,344.33,0
16979.0,3,89,1852.0,0
16980.0,254,81,1028.46,1
16982.0,60,22,384.06,0
16983.0,12,143,1905.87,0
16984.0,87,400,4459.52,0
16985.0,16,120,5464.12,0
16986.0,29,3,1873.2,0
16987.0,2,128,1616.8,0
16988.0,4,7,126.12,0
16989.0,6,12,1133.25,0
16990.0,218,1,179.0,1
16992.0,10,93,1614.31,0
16996.0,29,37,1456.96,0
16997.0,287,12,702.0,1
16998.0,149,4,295.0,1
16999.0,22,23,484.82,0
17001.0,0,169,3989.57,0
17002.0,85,49,1493.73,0
17004.0,45,43,1312.1399999999999,0
17006.0,4,44,781.78,0
17007.0,50,52,889.9300000000001,0
17010.0,17,11,195.36,0
17011.0,29,15,270.9,0
17014.0,7,72,583.4300000000001,0
17015.0,28,214,1838.61,0
17017.0,2,252,8694.26,0
17018.0,40,16,920.1,0
17019.0,10,228,1258.08,0
17022.0,30,7,71.0,0
17024.0,44,3,95.85,0
17025.0,60,9,357.77,0
17026.0,184,4,154.83,1
17027.0,78,148,877.5600000000001,0
17029.0,110,2,716.0,1
17030.0,63,11,146.87,0
17031.0,11,22,380.35,0
17033.0,85,28,1030.14,0
17034.0,15,30,745.52,0
17035.0,245,28,433.53000000000003,1
17037.0,87,75,1267.32,0
17038.0,29,22,112.4,0
17040.0,137,15,449.73,1
17041.0,26,69,1071.49,0
17042.0,2,97,1036.58,0
17043.0,31,102,1735.18,0
17044.0,24,6,948.48,0
17045.0,112,22,339.44,1
17046.0,156,22,642.02,1
17047.0,84,65,1100.9,0
17048.0,117,43,925.35,1
17049.0,2,317,5655.03,0
17050.0,95,308,3185.64,1
17051.0,193,42,240.89,1
17052.0,27,83,399.09,0
17053.0,130,13,498.48,1
17054.0,27,83,1356.33,0
17058.0,81,62,1179.89,0
17059.0,29,514,3080.39,0
17060.0,265,5,234.24,1
17061.0,73,99,5232.2300000000005,0
17062.0,313,69,533.33,1
17063.0,20,78,1461.14,0
17064.0,58,61,855.45,0
17068.0,11,296,4552.14,0
17069.0,27,143,2709.7000000000003,0
17070.0,113,62,304.24,1
17071.0,27,140,2429.03,0
17073.0,17,174,1446.09,0
17075.0,17,77,834.12,0
17076.0,35,25,841.0799999999999,0
17078.0,35,28,378.2,0
17079.0,77,2,118.80000000000001,0
17080.0,21,8,287.62,0
17081.0,24,63,288.91,0
17082.0,32,81,2003.8500000000001,0
17083.0,108,52,1405.78,1
17084.0,34,149,2747.9900000000002,0
17085.0,122,186,1562.4,1
17086.0,6,96,2050.08,0
17088.0,27,115,1991.01,0
17090.0,3,61,1974.65,0
17091.0,2,195,3827.76,0
17092.0,49,124,1774.03,0
17094.0,321,14,302.0,1
17095.0,22,74,1324.16,0
17096.0,14,48,1022.13,0
17097.0,1,211,954.42,0
17100.0,17,65,971.74,0
17101.0,9,42,1621.73,0
17102.0,261,1,25.5,1
17105.0,158,90,665.78,1
17107.0,32,416,10797.48,0
17109.0,28,116,881.29,0
17110.0,164,12,163.29999999999998,1
17111.0,46,29,231.61,0
17114.0,5,123,801.12,0
17115.0,7,39,837.5,0
17117.0,287,9,116.2,1
17118.0,317,10,157.02,1
17119.0,2,35,606.91,0
17120.0,232,18,307.46,1
17122.0,118,7,138.32,1
17123.0,161,9,345.3,1
17124.0,184,31,294.24,1
17125.0,49,35,230.5,0
17126.0,151,248,989.45,1
17128.0,334,14,157.09,1
17131.0,4,134,2463.17,0
17133.0,15,27,4892.240000000001,0
17134.0,106,23,413.2,1
17135.0,15,52,1139.73,0
17138.0,275,24,380.5,1
17139.0,15,477,10650.77,0
17140.0,246,18,454.12,1
17142.0,238,15,579.0,1
17144.0,0,48,984.57,0
17146.0,105,35,749.78,1
17147.0,22,81,1714.59,0
17148.0,51,9,124.88,0
17152.0,194,14,1689.5,1
17153.0,23,14,213.78,0
17154.0,74,23,329.34,0
17155.0,17,20,251.7,0
17157.0,7,13,319.0,0
17158.0,31,67,1266.97,0
17159.0,21,101,1538.88,0
17160.0,30,229,3518.03,0
17162.0,28,104,1715.46,0
17163.0,21,5,293.1,0
17164.0,32,144,2467.35,0
17165.0,283,10,158.68,1
17166.0,38,12,206.34,0
17169.0,57,54,835.78,0
17171.0,288,16,224.91,1
17172.0,78,15,317.76,0
17173.0,4,86,3766.6,0
17174.0,217,4,59.9,1
17175.0,43,63,1443.69,0
17176.0,201,15,306.13,1
17179.0,177,80,711.79,1
17180.0,55,125,783.97,0
17181.0,56,23,239.92000000000002,0
17183.0,7,73,3347.31,0
17186.0,46,2,144.0,0
17187.0,226,10,203.95,1
17188.0,10,84,2474.23,0
17189.0,105,60,383.75,1
17190.0,58,19,444.74,0
17191.0,27,236,2093.68,0
17193.0,35,32,1699.3,0
17194.0,273,29,262.62,1
17197.0,29,29,1013.01,0
17198.0,23,96,692.22,0
17201.0,53,38,289.78000000000003,0
17203.0,35,148,3560.08,0
17204.0,174,57,1564.56,1
17205.0,53,13,384.08,0
17206.0,52,7,204.24,0
17211.0,26,211,2317.2200000000003,0
17212.0,252,4,226.85,1
17213.0,39,157,2781.23,0
17214.0,59,101,1059.1200000000001,0
17217.0,233,9,113.5,1
17218.0,3,271,1951.97,0
17219.0,31,25,114.23,0
17220.0,23,467,3187.55,0
17221.0,6,62,334.48,0
17222.0,64,27,328.65,0
17223.0,309,48,416.89,1
17226.0,308,21,393.49,1
17227.0,18,47,939.32,0
17228.0,15,208,1906.09,0
17229.0,95,47,318.76,1
17230.0,263,69,3638.41,1
17231.0,11,531,3124.72,0
17232.0,2,35,417.77,0
17233.0,34,25,190.88,0
17234.0,182,14,149.89,1
17235.0,24,29,550.0600000000001,0
17236.0,12,105,916.13,0
17237.0,10,19,314.69,0
17238.0,2,555,3719.1,0
17239.0,312,15,382.5,1
17242.0,107,40,1135.04,1
17243.0,0,387,8540.05,0
17244.0,52,31,954.9,0
17245.0,204,9,171.45000000000002,1
17247.0,14,54,280.09000000000003,0
17248.0,119,69,318.65,1
17250.0,3,56,381.97,0
17251.0,362,37,269.83,1
17252.0,116,86,348.90999999999997,1
17253.0,17,18,178.26,0
17254.0,4,111,271.19,0
17255.0,40,74,291.48,0
17256.0,106,16,240.0,1
17259.0,147,116,581.23,1
17262.0,51,12,1253.3600000000001,0
17263.0,207,23,63.440000000000005,1
17265.0,138,122,550.01,1
17266.0,1,73,296.58,0
17267.0,126,37,317.2,1
17268.0,107,6,763.64,1
17272.0,41,114,2148.63,0
17274.0,34,25,107.82,0
17277.0,227,69,1065.3500000000001,1
17278.0,240,15,246.04000000000002,1
17279.0,57,9,187.82999999999998,0
17282.0,129,89,1685.46,1
17284.0,59,291,1647.48,0
17286.0,21,44,151.37,0
17287.0,25,122,1049.06,0
17288.0,8,140,1417.6299999999999,0
17289.0,31,104,931.02,0
17290.0,3,96,513.01,0
17291.0,307,1,550.8000000000001,1
17293.0,7,132,1854.06,0
17295.0,28,68,547.0,0
17297.0,16,49,128.18,0
17298.0,100,30,498.42,1
17299.0,11,55,656.61,0
17301.0,20,59,163.24,0
17302.0,14,79,1135.63,0
17303.0,360,53,250.04,1
17306.0,10,66,8631.31,0
17309.0,94,12,82.75,1
17311.0,77,55,1384.85,0
17312.0,138,14,644.3,1
17313.0,30,24,2328.84,0
17314.0,24,131,2527.92,0
17315.0,1,471,6281.2300000000005,0
17317.0,45,9,2600.34,0
17320.0,99,73,1200.6200000000001,1
17321.0,7,99,657.16,0
17323.0,14,195,906.52,0
17324.0,17,49,986.48,0
17325.0,279,6,96.8,1
17329.0,13,33,523.11,0
17330.0,22,6,363.9,0
17331.0,123,1,175.2,1
17333.0,85,28,494.25,0
17334.0,301,11,307.02000000000004,1
17337.0,150,521,1981.06,1
17338.0,16,721,6493.54,0
17339.0,93,9,243.36,1
17340.0,29,407,12353.29,0
17341.0,156,157,682.29,1
17343.0,354,17,193.64,1
17344.0,45,31,157.62,0
17345.0,14,83,519.6899999999999,0
17346.0,3,483,2622.88,0
17347.0,85,1,228.96,0
17348.0,14,213,1156.6,0
17349.0,178,8,98.25,1
17350.0,7,70,1281.32,0
17351.0,35,27,587.15,0
17353.0,128,8,1740.0,1
17354.0,50,16,1393.06,0
17356.0,311,19,178.22,1
17357.0,23,44,384.39,0
17358.0,302,58,360.81,1
17359.0,10,15,127.86,0
17360.0,16,125,568.24,0
17361.0,48,29,488.2,0
17362.0,238,35,312.23,1
17364.0,0,406,4462.68,0
17365.0,12,465,4767.36,0
17367.0,237,33,167.55,1
17368.0,22,107,1878.87,0
17370.0,72,33,446.18,0
17371.0,16,86,418.4,0
17372.0,40,251,1337.18,0
17373.0,39,57,646.92,0
17374.0,218,28,495.77,1
17375.0,198,69,400.1,1
17376.0,70,24,203.2,0
17377.0,23,404,4058.32,0
17379.0,10,78,389.71999999999997,0
17381.0,8,109,20275.61,0
17382.0,64,2,65.4,0
17383.0,3,49,193.39000000000001,0
17384.0,18,15,336.4,0
17385.0,14,45,256.11,0
17386.0,7,28,2686.42,0
17387.0,19,76,746.81,0
17388.0,77,15,1259.56,0
17389.0,0,213,31833.68,0
17391.0,163,3,508.8,1
17392.0,306,56,417.27,1
17394.0,218,4,203.86999999999998,1
17396.0,38,27,7330.8,0
17397.0,21,89,681.41,0
17398.0,114,38,653.38,1
17400.0,125,206,2097.84,1
17402.0,4,59,2633.85,0
17403.0,35,32,263.92,0
17404.0,3,198,31906.82,0
17405.0,0,82,1031.41,0
17406.0,332,111,2184.42,1
17408.0,162,2,32.65,1
17409.0,184,13,771.85,1
17410.0,15,64,1214.72,0
17411.0,11,41,778.94,0
17412.0,2,66,1258.06,0
17414.0,43,6,778.0,0
17415.0,79,14,507.84,0
17416.0,29,269,6893.42,0
17418.0,41,30,463.46000000000004,0
17419.0,10,206,4226.57,0
17420.0,49,30,598.83,0
17422.0,15,117,1979.37,0
17423.0,45,26,698.41,0
17425.0,18,43,759.1700000000001,0
17426.0,7,271,5037.26,0
17427.0,71,2,100.8,0
17428.0,0,328,17256.85,0
17429.0,127,39,524.9200000000001,1
17430.0,32,14,265.76,0
17431.0,312,43,403.3,1
17432.0,17,48,365.76,0
17433.0,87,54,303.16,0
17434.0,1,134,2373.82,0
17436.0,1,9,216.3,0
17438.0,253,17,388.45000000000005,1
17440.0,156,5,186.42000000000002,1
17442.0,36,135,2248.56,0
17443.0,219,1,534.24,1
17444.0,147,135,2940.04,1
17446.0,176,9,120.89999999999999,1
17447.0,39,36,541.53,0
17449.0,1,276,2519.21,0
17450.0,7,336,194390.79,0
17451.0,0,100,1721.4,0
17453.0,17,19,486.72,0
17454.0,191,61,517.53,1
17455.0,203,8,131.7,1
17456.0,364,17,249.86,1
17457.0,126,19,1737.7,1
17458.0,14,54,316.5,0
17459.0,42,111,657.3,0
17460.0,93,29,622.4300000000001,1
17461.0,22,106,735.82,0
17462.0,59,27,675.69,0
17463.0,15,208,1875.8600000000001,0
17464.0,157,9,289.96000000000004,1
17466.0,9,41,763.28,0
17468.0,9,5,137.0,0
17469.0,15,88,1870.97,0
17470.0,44,78,1125.07,0
17472.0,190,174,697.54,1
17475.0,78,14,194.37,0
17480.0,77,29,511.82,0
17481.0,3,82,1255.59,0
17483.0,64,21,414.04,0
17486.0,260,24,396.87,1
17489.0,58,29,376.64,0
17490.0,0,76,2092.32,0
17491.0,0,109,3558.87,0
17492.0,247,12,374.57,1
17495.0,7,27,497.56,0
17496.0,358,10,271.05,1
17498.0,75,17,272.21999999999997,0
17499.0,289,40,622.88,1
17500.0,16,5,1138.0,0
17501.0,220,18,288.6,1
17502.0,8,28,689.1,0
17503.0,2,38,558.96,0
17504.0,205,127,2997.03,1
17505.0,161,52,1145.8400000000001,1
17506.0,75,14,302.2,0
17507.0,261,88,605.58,1
17508.0,280,22,387.31,1
17509.0,57,364,6083.64,0
17510.0,24,20,308.48,0
17511.0,2,963,91062.38,0
17512.0,28,105,2924.9900000000002,0
17513.0,71,6,513.2,0
17514.0,127,40,208.65,1
17515.0,30,87,639.02,0
17516.0,14,135,764.88,0
17517.0,308,11,153.94,1
17519.0,16,82,1844.02,0
17520.0,53,30,546.81,0
17521.0,29,45,723.21,0
17522.0,1,73,1070.71,0
17523.0,10,33,652.74,0
17524.0,360,6,145.0,1
17525.0,359,9,422.7,1
17526.0,4,19,1195.8999999999999,0
17527.0,53,47,939.37,0
17528.0,0,253,3628.5,0
17530.0,0,390,2367.12,0
17531.0,189,14,296.7,1
17534.0,53,9,223.36,0
17535.0,279,13,164.4,1
17536.0,176,3,76.5,1
17537.0,29,74,887.6700000000001,0
17538.0,25,9,98.42,0
17540.0,24,25,578.9,0
17542.0,269,25,170.75,1
17545.0,42,141,642.32,0
17548.0,233,5,103.3,1
17549.0,23,6,148.86,0
17550.0,196,42,267.16,1
17551.0,358,39,290.34,1
17552.0,59,49,930.41,0
17553.0,129,2,1487.6,1
17554.0,0,88,1952.45,0
17555.0,19,105,480.31,0
17556.0,205,6,157.9,1
17557.0,13,34,541.46,0
17560.0,94,26,854.95,1
17561.0,18,45,165.12,0
17562.0,13,63,1122.38,0
17564.0,23,49,454.01,0
17566.0,7,142,869.77,0
17567.0,6,165,4331.48,0
17569.0,331,29,344.14,1
17571.0,49,271,1425.67,0
17572.0,70,12,226.75000000000003,0
17573.0,28,25,380.6,0
17574.0,242,8,185.65,1
17576.0,7,402,3564.83,0
17578.0,217,5,143.45999999999998,1
17579.0,4,50,448.90000000000003,0
17580.0,252,45,215.72,1
17581.0,0,439,11025.24,0
17582.0,235,29,175.27,1
17584.0,6,35,1242.3,0
17585.0,108,208,1116.68,1
17588.0,99,23,1240.2,1
17589.0,59,253,2404.17,0
17590.0,1,196,1468.02,0
17591.0,72,157,2203.67,0
17593.0,3,212,3923.86,0
17594.0,84,50,993.1800000000001,0
17595.0,11,82,386.69,0
17596.0,22,265,2806.69,0
17597.0,213,55,2044.3700000000001,1
17600.0,17,13,161.67000000000002,0
17601.0,238,9,116.00999999999999,1
17602.0,1,551,5054.42,0
17603.0,77,11,394.72,0
17604.0,216,63,309.36,1
17608.0,32,56,191.99,0
17609.0,40,233,1105.78,0
17611.0,6,567,3961.12,0
17612.0,52,135,2048.45,0
17613.0,22,306,4544.55,0
17614.0,56,98,386.32,0
17615.0,129,14,329.6,1
17616.0,173,3,571.1999999999999,1
17618.0,5,67,930.28,0
17619.0,311,74,214.37,1
17620.0,59,4,81.44,0
17621.0,20,26,1379.9,0
17623.0,32,33,527.05,0
17624.0,14,50,843.48,0
17625.0,17,306,2020.4,0
17628.0,80,5,75.75,0
17629.0,5,123,1814.1200000000001,0
17630.0,169,26,503.6,1
17631.0,1,39,528.33,0
17633.0,30,70,1324.84,0
17634.0,35,296,2358.59,0
17636.0,18,20,285.56,0
17637.0,30,35,547.0600000000001,0
17639.0,275,7,108.5,1
17640.0,86,5,621.66,0
17642.0,119,40,712.29,1
17643.0,372,8,101.55,1
17644.0,0,157,2895.64,0
17646.0,218,51,1008.39,1
17647.0,64,7,133.06,0
17648.0,60,91,1797.5,0
17649.0,137,52,868.49,1
17650.0,20,8,166.07999999999998,0
17651.0,11,232,3945.0,0
17652.0,24,259,4867.72,0
17653.0,36,44,1207.56,0
17654.0,276,22,117.55,1
17655.0,10,91,2638.94,0
17656.0,72,82,1674.69,0
17658.0,25,19,595.42,0
17659.0,16,158,2999.46,0
17660.0,140,38,178.75,1
17663.0,25,86,1802.91,0
17664.0,18,43,604.64,0
17666.0,3,18,728.16,0
17667.0,65,116,2055.51,0
17668.0,0,15,347.75,0
17669.0,42,68,3406.7200000000003,0
17670.0,227,11,205.7,1
17671.0,15,53,1572.71,0
17672.0,49,110,3178.17,0
17673.0,1,218,1594.97,0
17674.0,73,27,551.04,0
17675.0,0,705,20374.28,0
17676.0,3,77,1371.18,0
17677.0,1,303,16345.38,0
17678.0,263,16,298.11,1
17679.0,52,30,1992.1100000000001,0
17680.0,23,11,184.4,0
17682.0,9,118,2474.33,0
17684.0,43,15,239.41,0
17685.0,16,127,3155.83,0
17686.0,6,286,5739.46,0
17690.0,29,252,4726.8,0
17691.0,357,19,290.40000000000003,1
17692.0,126,46,740.94,1
17693.0,136,16,200.47,1
17694.0,141,15,283.12,1
17695.0,131,35,765.34,1
17696.0,37,115,2285.71,0
17697.0,235,19,338.95,1
17698.0,260,8,154.95,1
17700.0,16,142,2534.64,0
17701.0,252,24,417.95,1
17702.0,29,74,1824.37,0
17703.0,34,55,798.74,0
17704.0,168,31,885.19,1
17705.0,2,103,1823.52,0
17706.0,3,382,10504.49,0
17707.0,184,5,152.4,1
17708.0,187,34,263.33,1
17709.0,169,7,137.45,1
17711.0,10,23,385.1,0
17712.0,44,29,522.91,0
17714.0,320,10,153.0,1
17715.0,200,1,326.4,1
17716.0,22,245,5655.99,0
17718.0,231,6,139.35,1
17719.0,37,274,5396.04,0
17720.0,25,50,1195.94,0
17722.0,95,115,2424.04,1
17723.0,126,10,3276.4000000000005,1
17724.0,70,40,1033.0,0
17725.0,15,192,3439.08,0
17727.0,14,66,1060.25,0
17728.0,3,165,2876.01,0
17730.0,2,218,5298.4800000000005,0
17731.0,78,67,1240.11,0
17732.0,372,18,303.97,1
17733.0,38,35,692.19,0
17734.0,53,43,700.63,0
17735.0,1,690,13110.02,0
17736.0,8,25,377.44,0
17737.0,8,10,168.24,0
17738.0,18,97,1879.05,0
17739.0,11,47,2791.35,0
17742.0,112,15,355.11,1
17744.0,3,136,2322.4,0
17746.0,239,6,110.25,1
17747.0,112,1,71.4,1
17749.0,177,35,674.52,1
17750.0,4,184,1710.45,0
17752.0,358,1,80.64,1
17754.0,0,89,1664.6499999999999,0
17757.0,0,740,5593.39,0
17758.0,18,404,3408.2,0
17759.0,16,90,819.96,0
17760.0,21,25,287.59,0
17761.0,32,19,712.78,0
17763.0,262,1,15.0,1
17764.0,50,71,772.55,0
17765.0,158,56,367.63,1
17767.0,14,21,271.2,0
17768.0,7,98,2081.9,0
17769.0,12,304,3957.43,0
17770.0,198,38,1143.27,1
17771.0,56,54,245.81,0
17772.0,10,50,173.45,0
17774.0,96,153,1213.73,1
17775.0,254,3,56.4,1
17777.0,24,190,647.56,0
17779.0,20,81,650.32,0
17781.0,158,12,188.02,1
17783.0,71,67,283.47,0
17785.0,52,13,131.94,0
17786.0,84,68,266.85,0
17787.0,152,128,1817.54,1
17788.0,73,5,1117.9,0
17789.0,280,14,225.9,1
17790.0,26,189,1964.3,0
17791.0,29,10,106.1,0
17793.0,24,52,300.34,0
17795.0,179,45,342.83,1
17796.0,39,81,690.0,0
17797.0,21,111,780.43,0
17799.0,21,404,3039.17,0
17800.0,36,103,1187.21,0
17802.0,81,140,1285.04,0
17805.0,73,10,512.31,0
17806.0,10,43,546.04,0
17809.0,15,61,5411.91,0
17811.0,3,828,7761.82,0
17812.0,12,133,699.81,0
17813.0,13,348,1698.07,0
17816.0,36,17,36.56,0
17817.0,3,33,387.68,0
17819.0,71,48,3704.87,0
17824.0,50,13,298.4,0
17827.0,4,215,1987.33,0
17828.0,22,67,1820.09,0
17829.0,298,30,889.24,1
17830.0,1,23,398.7,0
17831.0,32,2,35.400000000000006,0
17832.0,49,61,155.37,0
17835.0,2,59,342.24,0
17836.0,46,24,110.21000000000001,0
17837.0,41,162,1541.23,0
17838.0,26,117,2720.8,0
17839.0,41,52,318.15,0
17841.0,1,7676,40519.84,0
17843.0,302,37,205.48,1
17844.0,106,5,51.559999999999995,1
17846.0,84,1,2033.1,0
17848.0,80,51,901.2,0
17849.0,217,26,605.8000000000001,1
17850.0,371,297,5391.21,1
17852.0,11,24,114.34,0
17854.0,184,15,311.26,1
17855.0,372,17,208.97,1
17856.0,1,15,1418.03,0
17857.0,3,54,26879.04,0
17858.0,5,197,5140.66,0
17859.0,304,23,141.92,1
17860.0,368,52,226.45000000000002,1
17861.0,2,219,2097.88,0
17862.0,323,11,330.9,1
17863.0,58,148,3160.0,0
17864.0,12,90,554.85,0
17865.0,30,370,10526.32,0
17866.0,142,9,329.65000000000003,1
17867.0,29,68,1157.8700000000001,0
17869.0,106,40,428.18,1
17870.0,1,270,1865.8899999999999,0
17871.0,204,10,155.9,1
17873.0,79,43,1848.96,0
17874.0,184,46,683.46,1
17877.0,169,12,237.61,1
17878.0,43,26,379.45,0
17879.0,173,6,178.52,1
17880.0,364,26,458.92,1
17881.0,303,8,133.35,1
17883.0,2,142,664.34,0
17884.0,3,113,695.07,0
17885.0,11,53,156.34,0
17886.0,31,102,869.28,0
17887.0,128,10,111.35,1
17888.0,20,65,716.0,0
17889.0,211,20,201.37,1
17890.0,322,91,586.89,1
17891.0,161,34,203.85999999999999,1
17892.0,55,28,244.1,0
17893.0,224,15,107.21,1
17894.0,71,192,1118.96,0
17895.0,43,15,95.45,0
17896.0,22,2,256.32,0
17897.0,172,108,541.81,1
17898.0,84,28,152.06,0
17899.0,158,31,154.55,1
17900.0,189,6,112.19999999999999,1
17901.0,28,19,110.38,0
17904.0,20,34,181.07,0
17905.0,70,33,798.99,0
17906.0,246,12,72.9,1
17908.0,373,54,232.03,1
17911.0,8,39,366.23,0
17912.0,309,37,310.06,1
17913.0,58,58,408.65,0
17914.0,3,75,329.36,0
17917.0,44,92,335.03,0
17919.0,87,23,1304.04,0
17920.0,3,665,4119.5,0
17921.0,63,142,820.23,0
17923.0,281,1,207.50000000000003,1
17924.0,11,31,2962.5,0
17925.0,372,1,244.08,1
17926.0,132,21,397.29,1
17928.0,44,23,212.54,0
17929.0,10,5,843.0,0
17930.0,35,39,1740.48,0
17931.0,133,65,408.36,1
17932.0,28,90,1331.57,0
17934.0,51,21,704.25,0
17935.0,137,29,145.79,1
17936.0,4,72,380.13,0
17937.0,8,43,4301.22,0
17939.0,159,12,99.14,1
17940.0,48,18,4020.04,0
17941.0,130,2,304.56,1
17942.0,7,2,77.50000000000001,0
17946.0,232,20,149.57999999999998,1
17947.0,36,9,176.68,0
17948.0,146,1,358.56000000000006,1
17949.0,0,70,58510.48,0
17950.0,71,71,482.2,0
17951.0,39,20,1008.5400000000001,0
17954.0,4,477,2314.13,0
17955.0,198,19,557.3,1
17956.0,248,1,12.75,1
17957.0,65,31,111.68,0
17958.0,116,7,508.46000000000004,1
17960.0,170,26,73.78,1
17961.0,20,249,1296.44,0
17962.0,141,34,102.41,1
17964.0,31,98,463.21,0
17965.0,37,325,2599.19,0
17966.0,37,68,1098.43,0
17967.0,371,42,112.27,1
17968.0,373,81,265.1,1
17969.0,165,14,228.2,1
17970.0,210,29,562.79,1
17972.0,241,30,135.19,1
17973.0,51,15,337.04,0
17974.0,24,165,703.99,0
17975.0,14,293,4483.26,0
17976.0,371,57,321.79,1
17977.0,28,21,288.14,0
17978.0,364,12,300.91999999999996,1
17979.0,35,138,732.41,0
17980.0,165,30,811.45,1
17984.0,144,48,152.68,1
17985.0,21,21,631.35,0
17986.0,55,1,20.8,0
17987.0,184,13,198.57,1
17988.0,11,38,201.12,0
17990.0,236,29,630.84,1
17991.0,224,5,93.35,1
17994.0,121,79,674.89,1
17995.0,281,2,76.1,1
17997.0,73,164,1962.46,0
17999.0,36,91,380.39,0
18001.0,11,57,415.13,0
18004.0,361,37,157.92,1
18005.0,3,53,226.47,0
18006.0,22,22,444.68,0
18008.0,69,30,2116.19,0
18009.0,234,31,247.39,1
18010.0,256,14,174.8,1
18011.0,372,28,102.78999999999999,1
18013.0,154,31,187.29,1
18014.0,27,30,162.22,0
18015.0,3,46,120.03,0
18016.0,31,122,1477.66,0
18017.0,80,3,523.0,0
18018.0,107,29,122.14,1
18019.0,51,5,38.45,0
18022.0,35,164,612.72,0
18024.0,152,21,389.78,1
18027.0,98,21,115.31,1
18030.0,3,9,230.64999999999998,0
18032.0,333,5,73.5,1
18033.0,64,33,93.82000000000001,0
18034.0,21,110,418.68,0
18035.0,35,49,713.89,0
18036.0,31,94,403.12,0
18037.0,153,19,70.02,1
18040.0,18,19,357.20000000000005,0
18041.0,11,458,4097.37,0
18042.0,53,7,165.04999999999998,0
18043.0,24,115,529.29,0
18044.0,3,127,2088.6,0
18045.0,44,43,178.34,0
18048.0,202,7,172.29000000000002,1
18050.0,358,5,74.4,1
18053.0,70,20,300.02,0
18055.0,6,358,6761.34,0
18056.0,287,19,363.65,1
18058.0,9,3,170.16,0
18059.0,22,18,306.46,0
18061.0,21,46,2119.41,0
18062.0,172,27,720.52,1
18064.0,132,7,814.0,1
18065.0,5,137,2392.83,0
18066.0,74,10,318.0,0
18067.0,39,37,396.33,0
18068.0,288,1,101.7,1
18069.0,25,457,2009.24,0
18071.0,257,25,453.0,1
18072.0,185,18,247.44,1
18073.0,113,72,3859.82,1
18074.0,373,13,489.6,1
18075.0,22,142,2611.75,0
18077.0,7,223,2584.41,0
18078.0,216,29,336.13,1
18079.0,44,123,3613.15,0
18080.0,18,2,1231.5,0
18081.0,35,17,343.45,0
18082.0,25,70,680.84,0
18084.0,15,1,90.48,0
18085.0,329,29,689.95,1
18086.0,273,7,101.34,1
18087.0,97,2,4055.7200000000003,1
18088.0,60,37,166.03,0
18092.0,1,89,9068.26,0
18093.0,92,36,2106.52,1
18094.0,81,70,3017.3,0
18095.0,312,21,580.05,1
18096.0,11,196,849.06,0
18097.0,7,106,2662.4,0
18099.0,126,19,168.31,1
18101.0,10,40,222.4,0
18102.0,0,431,259657.3,0
18104.0,36,38,754.64,0
18105.0,37,18,113.48000000000002,0
18106.0,329,37,421.9,1
18108.0,253,17,271.0,1
18109.0,1,441,8004.92,0
18110.0,19,37,198.8,0
18112.0,11,26,352.69,0
18113.0,368,1,76.32000000000001,1
18114.0,289,28,220.1,1
18116.0,67,371,1403.1100000000001,0
18117.0,25,72,315.65,0
18118.0,10,1263,5625.08,0
18119.0,367,29,180.7,1
18120.0,213,17,111.15,1
18121.0,148,31,653.3000000000001,1
18122.0,7,357,1793.06,0
18123.0,23,34,574.4399999999999,0
18125.0,29,192,1131.75,0
18126.0,60,52,200.92,0
18127.0,18,46,347.08,0
18129.0,242,14,112.55000000000001,1
18130.0,14,70,1059.39,0
18133.0,211,1,931.5,1
18135.0,28,20,681.91,0
18136.0,62,38,784.33,0
18138.0,294,8,152.65,1
18139.0,17,159,8438.34,0
18142.0,156,15,1019.52,1
18143.0,116,61,1000.16,1
18144.0,7,43,2888.75,0
18145.0,12,221,2861.55,0
18146.0,140,10,160.35,1
18147.0,45,7,179.34,0
18149.0,50,16,612.0799999999999,0
18150.0,31,37,566.58,0
18151.0,134,38,653.35,1
18154.0,2,21,399.19,0
18155.0,74,25,371.62,0
18156.0,12,122,675.64,0
18158.0,8,34,453.4,0
18159.0,300,23,530.15,1
18160.0,56,39,638.0600000000001,0
18161.0,14,80,1618.69,0
18164.0,36,24,399.65,0
18165.0,176,10,302.46,1
18167.0,22,37,1384.8600000000001,0
18168.0,175,130,1160.04,1
18169.0,60,9,202.65,0
18170.0,32,38,980.3100000000001,0
18171.0,58,54,1231.31,0
18172.0,14,189,7561.68,0
18173.0,86,31,2106.84,0
18174.0,6,1,104.0,0
18176.0,357,30,476.35,1
18177.0,30,73,1340.8700000000001,0
18178.0,128,97,1590.81,1
18179.0,8,90,1793.17,0
18180.0,4,119,1843.75,0
18181.0,23,41,366.85,0
18183.0,226,37,632.07,1
18184.0,14,1,49.8,0
18185.0,248,17,304.25,1
18188.0,14,71,2001.04,0
18189.0,77,68,1090.24,0
18190.0,191,15,284.46000000000004,1
18191.0,261,7,207.8,1
18192.0,71,45,957.97,0
18193.0,164,16,243.76,1
18194.0,81,7,973.84,0
18196.0,94,139,686.63,1
18198.0,3,159,5425.56,0
18200.0,105,30,150.35,1
18202.0,199,68,1396.99,1
18203.0,156,19,160.42000000000002,1
18204.0,70,192,1975.3500000000001,0
18205.0,35,32,517.36,0
18209.0,28,8,139.10000000000002,0
18210.0,1,134,2621.38,0
18211.0,25,42,600.07,0
18212.0,325,34,216.07,1
18213.0,236,15,232.48000000000002,1
18215.0,88,13,299.34000000000003,0
18216.0,30,26,481.75,0
18217.0,28,31,621.75,0
18218.0,210,20,641.92,1
18219.0,2,114,2069.77,0
18220.0,226,2,305.28,1
18221.0,21,64,1041.61,0
18222.0,92,19,443.0,1
18223.0,4,272,6484.54,0
18224.0,263,10,158.95000000000002,1
18225.0,2,269,5504.96,0
18226.0,43,242,5228.05,0
18227.0,217,5,93.75,1
18228.0,56,30,779.9,0
18229.0,11,164,7276.9,0
18230.0,8,86,2810.2000000000003,0
18231.0,191,123,2071.77,1
18232.0,81,37,592.97,0
18233.0,325,1,440.0,1
18235.0,71,104,1796.48,0
18236.0,29,49,882.24,0
18237.0,2,61,987.1,0
18239.0,218,88,1561.6100000000001,1
18240.0,45,6,422.58,0
18241.0,9,104,2073.09,0
18242.0,71,78,2232.4900000000002,0
18245.0,6,175,2567.06,0
18246.0,23,4,596.1,0
18248.0,122,47,804.02,1
18249.0,16,8,95.34,0
18250.0,309,21,349.27,1
18251.0,86,16,4314.72,0
18252.0,50,94,518.27,0
18255.0,88,6,103.30000000000001,0
18257.0,38,118,2337.63,0
18259.0,24,42,2338.6,0
18260.0,172,133,2628.35,1
18261.0,42,21,324.24,0
18262.0,139,13,149.48,1
18263.0,25,61,1213.16,0
18265.0,71,46,801.51,0
18268.0,133,1,25.5,1
18269.0,365,7,168.60000000000002,1
18270.0,37,11,283.15000000000003,0
18272.0,2,166,3078.58,0
18273.0,1,3,204.0,0
18274.0,29,11,175.92,0
18276.0,43,14,335.86,0
18277.0,57,8,110.38,0
18278.0,73,9,173.9,0
18280.0,277,10,180.60000000000002,1
18281.0,180,7,80.82,1
18282.0,7,12,178.05,0
18283.0,3,721,2045.53,0
18287.0,42,70,1837.28,0
